SUMLEV,STATE,COUNTY,PLACE,COUSUB,CONCIT,PRIMGEO_FLAG,FUNCSTAT,NAME,STNAME,CENSUS2010POP,ESTIMATESBASE2010,POPESTIMATE2010,POPESTIMATE2011,POPESTIMATE2012,POPESTIMATE2013,POPESTIMATE2014,POPESTIMATE2015,POPESTIMATE2016,POPESTIMATE2017,POPESTIMATE2018,POPESTIMATE2019,POPESTIMATE042020,POPESTIMATE2020
040,08,000,00000,00000,00000,0,A,Colorado,Colorado,5029196,5029319,5047539,5121900,5193660,5270774,5352637,5454328,5543844,5617421,5697155,5758486,5798266,5807719
162,08,000,00760,00000,00000,0,A,Aguilar town,Colorado,538,536,533,516,512,484,469,469,470,475,483,480,480,479
162,08,000,00925,00000,00000,0,A,Akron town,Colorado,1702,1695,1698,1678,1654,1667,1660,1675,1689,1713,1689,1683,1679,1682
162,08,000,01090,00000,00000,0,A,Alamosa city,Colorado,8780,8865,8907,9021,9020,9064,9126,9175,9246,9295,9384,9386,9394,9367
162,08,000,01530,00000,00000,0,A,Alma town,Colorado,270,274,275,275,276,280,285,293,305,317,327,330,329,329
162,08,000,02355,00000,00000,0,A,Antonito town,Colorado,781,781,786,787,782,776,779,762,758,766,763,760,755,752
162,08,000,03235,00000,00000,0,A,Arriba town,Colorado,193,193,193,192,193,193,196,197,202,202,203,206,207,206
162,08,000,03455,00000,00000,0,A,Arvada city,Colorado,106433,106759,106943,108093,109531,111105,113116,115337,116865,119220,121057,122051,122024,121936
162,08,000,03620,00000,00000,0,A,Aspen city,Colorado,6658,6795,6800,6814,6875,6950,7104,7455,7734,7756,7776,7694,7663,7657
162,08,000,03950,00000,00000,0,A,Ault town,Colorado,1519,1527,1534,1560,1585,1619,1670,1723,1821,1912,1973,1988,2092,2126
162,08,000,04000,00000,00000,0,A,Aurora city,Colorado,325078,324976,327884,334946,341732,349396,356076,364655,369952,373773,380645,385623,387165,387377
162,08,000,04110,00000,00000,0,A,Avon town,Colorado,6447,6399,6386,6375,6416,6491,6543,6597,6676,6695,6606,6632,6880,6952
162,08,000,04935,00000,00000,0,A,Basalt town,Colorado,3857,3780,3776,3775,3794,3826,3860,3875,3893,4009,4061,4192,4186,4183
162,08,000,05265,00000,00000,0,A,Bayfield town,Colorado,2333,2316,2319,2334,2352,2390,2437,2485,2530,2526,2570,2580,2586,2586
162,08,000,06090,00000,00000,0,A,Bennett town,Colorado,2308,2300,2308,2344,2381,2416,2446,2476,2491,2497,2564,2877,2984,3017
162,08,000,06255,00000,00000,0,A,Berthoud town,Colorado,5105,5198,5215,5309,5404,5540,5958,6226,6491,7180,8273,9583,10508,10806
162,08,000,06530,00000,00000,0,A,Bethune town,Colorado,237,237,237,240,239,236,237,235,234,234,238,237,236,235
162,08,000,07025,00000,00000,0,A,Black Hawk city,Colorado,118,118,118,118,118,120,125,126,128,129,131,132,132,131
162,08,000,07190,00000,00000,0,A,Blanca town,Colorado,385,385,384,395,390,381,386,385,398,405,408,413,411,407
162,08,000,07410,00000,00000,0,A,Blue River town,Colorado,849,849,851,851,862,874,887,905,926,939,933,939,931,928
162,08,000,07571,00000,00000,0,A,Bonanza town,Colorado,16,16,16,17,17,17,17,17,18,19,20,20,21,21
162,08,000,07795,00000,00000,0,A,Boone town,Colorado,339,346,346,349,349,351,350,355,360,364,366,369,373,373
162,08,000,07850,00000,00000,0,A,Boulder city,Colorado,97385,97613,97724,99533,101336,102830,103798,106780,108158,109118,109069,107703,107808,107645
162,08,000,08070,00000,00000,0,A,Bow Mar town,Colorado,866,849,848,860,874,891,911,932,961,957,963,957,951,947
162,08,000,08345,00000,00000,0,A,Branson town,Colorado,74,74,73,71,72,68,67,67,67,68,69,70,72,72
162,08,000,08400,00000,00000,0,A,Breckenridge town,Colorado,4540,4541,4555,4551,4604,4684,4772,4904,4986,5017,5033,5040,4973,4954
162,08,000,08675,00000,00000,0,A,Brighton city,Colorado,33352,33840,33975,34675,35268,35771,36348,37395,38205,38582,39231,39850,40577,40783
162,08,000,09115,00000,00000,0,A,Brookside town,Colorado,233,232,232,233,239,238,239,242,248,254,257,261,262,261
162,08,000,09280,00000,00000,0,A,Broomfield city,Colorado,55889,55848,56212,57485,58971,60158,61791,64914,66596,68340,69431,70617,71878,72236
162,08,000,09555,00000,00000,0,A,Brush city,Colorado,5463,5465,5479,5511,5461,5435,5396,5407,5380,5383,5426,5428,5438,5438
162,08,000,10105,00000,00000,0,A,Buena Vista town,Colorado,2617,2582,2582,2609,2629,2672,2660,2704,2764,2843,2899,3052,3109,3116
162,08,000,10600,00000,00000,0,A,Burlington city,Colorado,4254,4254,4251,4105,4026,4238,3965,4175,3606,3153,3155,3148,3130,3126
162,08,000,11260,00000,00000,0,A,Calhan town,Colorado,780,780,785,797,805,809,810,814,826,832,839,831,829,827
162,08,000,11645,00000,00000,0,A,Campo town,Colorado,109,109,110,109,107,105,103,102,101,102,103,104,102,102
162,08,000,11810,00000,00000,0,A,Cañon City city,Colorado,16400,16410,16378,16315,16265,16025,15985,16010,16183,16259,16445,16470,16549,16536
162,08,000,12030,00000,00000,0,A,Carbonate town,Colorado,A,0,0,0,0,0,0,0,0,0,0,0,0,0
162,08,000,12045,00000,00000,0,A,Carbondale town,Colorado,6427,6453,6419,6398,6468,6486,6479,6521,6618,6610,6679,6684,6722,6729
162,08,000,12387,00000,00000,0,A,Castle Pines city,Colorado,A,10333,10368,10530,10675,10761,10829,10883,10782,10779,10765,10927,11486,11664
162,08,000,12415,00000,00000,0,A,Castle Rock town,Colorado,48231,48238,48793,50095,51592,53506,55999,58569,60194,62318,65005,67738,69893,70567
162,08,000,12635,00000,00000,0,A,Cedaredge town,Colorado,2253,2251,2245,2211,2208,2214,2176,2172,2206,2221,2254,2283,2311,2313
162,08,000,12815,00000,00000,0,A,Centennial city,Colorado,100377,100391,100294,101955,103522,105900,107202,108891,109694,111127,111351,111121,110457,110156
162,08,000,12855,00000,00000,0,A,Center town,Colorado,2230,2241,2251,2267,2315,2283,2267,2286,2342,2415,2442,2385,2381,2385
162,08,000,12910,00000,00000,0,A,Central City city,Colorado,663,660,663,657,658,669,696,703,716,719,727,736,732,730
162,08,000,13460,00000,00000,0,A,Cheraw town,Colorado,252,254,254,254,251,249,248,246,246,247,248,246,245,245
162,08,000,13845,00000,00000,0,A,Cherry Hills Village city,Colorado,5987,5987,6009,6134,6253,6376,6495,6632,6685,6719,6722,6676,6639,6620
162,08,000,14175,00000,00000,0,A,Cheyenne Wells town,Colorado,846,846,846,860,863,863,848,839,846,844,848,830,818,815
162,08,000,14765,00000,00000,0,A,City of Creede town,Colorado,290,290,286,288,290,297,286,303,309,307,316,309,316,315
162,08,000,15330,00000,00000,0,A,Coal Creek town,Colorado,343,345,344,343,342,336,334,334,339,341,344,348,350,350
162,08,000,15550,00000,00000,0,A,Cokedale town,Colorado,129,129,128,125,125,119,116,116,116,117,119,119,121,121
162,08,000,15605,00000,00000,0,A,Collbran town,Colorado,708,692,690,696,698,697,697,699,707,716,719,723,726,727
162,08,000,16000,00000,00000,0,A,Colorado Springs city,Colorado,416427,417450,420726,427587,433060,438540,442628,449963,459213,465920,473175,478035,481280,482131
162,08,000,16385,00000,00000,0,A,Columbine Valley town,Colorado,1256,1252,1251,1273,1295,1314,1327,1358,1410,1452,1492,1500,1508,1508
162,08,000,16495,00000,00000,0,A,Commerce City city,Colorado,45913,45849,46033,46809,47687,48894,50704,52404,53201,53314,55727,57904,59006,59317
162,08,000,17375,00000,00000,0,A,Cortez city,Colorado,8482,8471,8483,8457,8463,8492,8485,8576,8689,8722,8764,8754,8741,8734
162,08,000,17760,00000,00000,0,A,Craig city,Colorado,9464,9456,9459,9204,9031,9001,8873,8877,9018,8974,8997,9016,8963,8953
162,08,000,17925,00000,00000,0,A,Crawford town,Colorado,431,432,430,424,423,425,417,414,421,423,426,429,430,429
162,08,000,18310,00000,00000,0,A,Crested Butte town,Colorado,1487,1494,1490,1493,1494,1497,1515,1547,1574,1601,1630,1654,1676,1682
162,08,000,18420,00000,00000,0,A,Crestone town,Colorado,127,125,126,128,131,129,128,128,132,137,139,134,137,138
162,08,000,18530,00000,00000,0,A,Cripple Creek city,Colorado,1189,1226,1232,1223,1224,1216,1216,1201,1226,1255,1268,1271,1266,1266
162,08,000,18640,00000,00000,0,A,Crook town,Colorado,110,110,110,109,109,108,109,109,109,108,109,111,111,110
162,08,000,18750,00000,00000,0,A,Crowley town,Colorado,176,176,178,180,176,172,171,167,168,166,168,170,171,166
162,08,000,19080,00000,00000,0,A,Dacono city,Colorado,4152,4156,4189,4312,4412,4512,4733,5097,5607,5988,6233,6394,6532,6572
162,08,000,19355,00000,00000,0,A,De Beque town,Colorado,504,504,502,509,510,511,511,515,523,528,535,542,545,546
162,08,000,19630,00000,00000,0,A,Deer Trail town,Colorado,546,547,546,555,561,570,577,584,588,586,619,738,827,856
162,08,000,19795,00000,00000,0,A,Del Norte town,Colorado,1686,1677,1683,1661,1649,1615,1590,1561,1557,1543,1536,1538,1538,1541
162,08,000,19850,00000,00000,0,A,Delta city,Colorado,8915,8893,8865,8742,8806,8809,8653,8680,8773,8813,8890,8957,9036,9030
162,08,000,20000,00000,00000,0,A,Denver city,Colorado,600158,599454,603012,620250,634965,649270,664540,683328,696273,704869,716340,725508,733428,735538
162,08,000,20440,00000,00000,0,A,Dillon town,Colorado,904,903,905,903,909,922,935,956,972,983,975,985,971,967
162,08,000,20495,00000,00000,0,A,Dinosaur town,Colorado,339,339,339,330,326,325,321,321,328,332,334,337,334,334
162,08,000,20770,00000,00000,0,A,Dolores town,Colorado,936,928,929,926,925,928,928,936,950,951,955,959,962,964
162,08,000,21265,00000,00000,0,A,Dove Creek town,Colorado,735,724,726,717,705,715,695,697,725,723,714,700,713,715
162,08,000,22035,00000,00000,0,A,Durango city,Colorado,16887,16868,16893,17131,17480,18010,18198,18614,18964,19257,19600,19571,19674,19690
162,08,000,22145,00000,00000,0,A,Eads town,Colorado,609,609,612,623,613,605,601,603,586,596,603,617,627,632
162,08,000,22200,00000,00000,0,A,Eagle town,Colorado,6508,6513,6499,6493,6529,6587,6660,6743,6857,6878,6902,6930,6920,6911
162,08,000,22860,00000,00000,0,A,Eaton town,Colorado,4365,4375,4395,4461,4532,4913,5023,5138,5258,5469,5681,5852,5966,6000
162,08,000,23025,00000,00000,0,A,Eckley town,Colorado,257,256,256,258,259,260,261,257,260,257,259,261,260,260
162,08,000,23135,00000,00000,0,A,Edgewater city,Colorado,5170,5169,5174,5205,5252,5286,5332,5368,5401,5395,5420,5429,5404,5393
162,08,000,23740,00000,00000,0,A,Elizabeth town,Colorado,1358,1362,1365,1367,1373,1389,1418,1459,1491,1529,1534,1667,1820,1867
162,08,000,24620,00000,00000,0,A,Empire town,Colorado,282,282,283,281,283,283,287,291,295,304,303,305,303,302
162,08,000,24785,00000,00000,0,A,Englewood city,Colorado,30255,30260,30231,30715,31148,31597,31972,32425,33891,34730,35254,35183,35139,35099
162,08,000,24950,00000,00000,0,A,Erie town,Colorado,18135,18177,18395,19143,19852,20495,21436,22459,24018,25579,27189,28717,29930,30318
162,08,000,25115,00000,00000,0,A,Estes Park town,Colorado,5858,5933,5944,6024,6078,6112,6207,6322,6384,6520,6550,6558,6557,6553
162,08,000,25280,00000,00000,0,A,Evans city,Colorado,18537,18505,18629,19024,19579,19985,19828,20522,20988,21305,22356,22807,23101,23183
162,08,000,25610,00000,00000,0,A,Fairplay town,Colorado,679,696,700,690,688,695,704,719,747,771,800,809,804,803
162,08,000,26270,00000,00000,0,A,Federal Heights city,Colorado,11467,11461,11507,11723,11917,12118,12346,12797,13199,13515,13712,13691,13628,13598
162,08,000,26600,00000,00000,0,A,Firestone town,Colorado,10147,10199,10246,10397,10654,11055,11386,11650,11915,12097,12479,14039,14992,15298
162,08,000,26765,00000,00000,0,A,Flagler town,Colorado,561,571,570,578,576,570,570,567,563,560,562,566,566,567
162,08,000,26875,00000,00000,0,A,Fleming town,Colorado,408,405,406,403,402,401,403,408,407,408,405,407,408,405
162,08,000,27040,00000,00000,0,A,Florence city,Colorado,3881,3878,3871,3860,3851,3796,3793,3808,3867,3902,3936,3945,3977,3982
162,08,000,27425,00000,00000,0,A,Fort Collins city,Colorado,143986,144861,145123,147351,149574,151769,156015,160960,162729,164580,166401,168057,168249,168234
162,08,000,27700,00000,00000,0,A,Fort Lupton city,Colorado,7377,7405,7439,7548,7678,7791,7972,8159,8369,8622,8621,8563,8646,8666
162,08,000,27810,00000,00000,0,A,Fort Morgan city,Colorado,11315,11372,11402,11491,11400,11355,11272,11303,11254,11266,11369,11401,11288,11249
162,08,000,27865,00000,00000,0,A,Fountain city,Colorado,25846,25899,26106,26593,26967,27809,28249,28735,29315,29766,30410,30714,30965,31017
162,08,000,27975,00000,00000,0,A,Fowler town,Colorado,1182,1189,1190,1190,1175,1165,1158,1150,1149,1154,1156,1148,1150,1149
162,08,000,28105,00000,00000,0,A,Foxfield town,Colorado,685,714,713,725,735,746,763,773,778,783,785,776,773,771
162,08,000,28305,00000,00000,0,A,Fraser town,Colorado,1224,1223,1218,1200,1165,1171,1195,1214,1258,1283,1308,1335,1347,1348
162,08,000,28360,00000,00000,0,A,Frederick town,Colorado,8679,8662,8702,8830,8974,9121,9328,9543,9762,9908,10178,10695,11317,11515
162,08,000,28690,00000,00000,0,A,Frisco town,Colorado,2683,2692,2700,2699,2734,2769,2818,2904,2946,2955,2917,2930,2886,2874
162,08,000,28745,00000,00000,0,A,Fruita city,Colorado,12646,12724,12701,12919,13038,13155,13341,13511,13739,13960,14092,14205,14277,14295
162,08,000,29185,00000,00000,0,A,Garden City town,Colorado,234,250,251,255,259,263,269,276,282,284,284,281,279,279
162,08,000,29680,00000,00000,0,A,Genoa town,Colorado,139,139,139,138,138,139,140,143,144,145,146,148,148,147
162,08,000,29735,00000,00000,0,A,Georgetown town,Colorado,1034,1034,1035,1029,1027,1028,1037,1049,1058,1081,1091,1111,1105,1102
162,08,000,29955,00000,00000,0,A,Gilcrest town,Colorado,1034,1034,1039,1051,1072,1090,1115,1137,1164,1185,1190,1177,1171,1169
162,08,000,30340,00000,00000,0,A,Glendale city,Colorado,4184,4318,4314,4381,4445,4508,5120,5188,5219,5213,5206,5161,5119,5102
162,08,000,30780,00000,00000,0,A,Glenwood Springs city,Colorado,9614,9557,9506,9500,9607,9645,9775,9836,9995,9993,10025,10032,10183,10222
162,08,000,30835,00000,00000,0,A,Golden city,Colorado,18867,18890,18907,19268,19326,19442,19714,19902,20096,20681,20455,20434,20379,20347
162,08,000,31550,00000,00000,0,A,Granada town,Colorado,517,517,517,517,513,508,500,495,496,499,504,509,508,509
162,08,000,31605,00000,00000,0,A,Granby town,Colorado,1864,1856,1854,1840,1886,1917,1944,1982,2052,2091,2113,2156,2172,2174
162,08,000,31660,00000,00000,0,A,Grand Junction city,Colorado,58566,59034,58842,59330,59442,59455,59200,59750,60485,61476,62669,63080,63377,63447
162,08,000,31715,00000,00000,0,A,Grand Lake town,Colorado,471,469,468,460,445,446,453,457,471,474,479,478,477,476
162,08,000,32155,00000,00000,0,A,Greeley city,Colorado,92889,92953,93362,94689,95988,97514,100056,102511,104637,107718,108253,107609,108609,108958
162,08,000,32650,00000,00000,0,A,Green Mountain Falls town,Colorado,640,647,652,663,668,674,678,680,695,699,714,723,728,729
162,08,000,33035,00000,00000,0,A,Greenwood Village city,Colorado,13925,13919,13906,14190,14419,14644,14823,15094,15188,15167,15153,15047,14950,14907
162,08,000,33310,00000,00000,0,A,Grover town,Colorado,137,139,140,142,144,147,150,153,160,163,164,163,162,161
162,08,000,33640,00000,00000,0,A,Gunnison city,Colorado,5854,5842,5835,5782,5899,6081,6153,6278,6430,6585,6669,6768,6820,6840
162,08,000,33695,00000,00000,0,A,Gypsum town,Colorado,6477,6501,6487,6481,6517,6576,6630,6688,6772,6882,7096,7148,7272,7304
162,08,000,34520,00000,00000,0,A,Hartman town,Colorado,81,76,76,76,75,76,74,74,74,76,76,77,77,76
162,08,000,34740,00000,00000,0,A,Haswell town,Colorado,68,68,68,71,70,69,69,69,67,68,68,70,73,74
162,08,000,34960,00000,00000,0,A,Haxtun town,Colorado,946,946,952,940,944,937,941,930,926,935,933,935,938,937
162,08,000,35070,00000,00000,0,A,Hayden town,Colorado,1810,1814,1809,1796,1800,1831,1871,1891,1916,1949,1966,1977,1976,1977
162,08,000,36610,00000,00000,0,A,Hillrose town,Colorado,264,256,257,259,256,255,255,256,257,255,259,262,259,258
162,08,000,37215,00000,00000,0,A,Holly town,Colorado,802,794,793,791,787,785,769,761,763,765,771,775,774,775
162,08,000,37270,00000,00000,0,A,Holyoke city,Colorado,2313,2317,2331,2291,2298,2273,2271,2231,2212,2227,2227,2232,2239,2239
162,08,000,37380,00000,00000,0,A,Hooper town,Colorado,103,103,103,105,106,106,104,104,105,104,104,105,104,104
162,08,000,37545,00000,00000,0,A,Hotchkiss town,Colorado,944,918,915,900,900,900,885,881,893,900,908,918,929,928
162,08,000,37600,00000,00000,0,A,Hot Sulphur Springs town,Colorado,663,679,677,665,644,644,655,656,671,676,675,677,678,678
162,08,000,37820,00000,00000,0,A,Hudson town,Colorado,2356,2361,2368,2390,2415,2443,2477,2515,2557,2661,2709,2763,2770,2768
162,08,000,37875,00000,00000,0,A,Hugo town,Colorado,730,730,730,727,724,723,731,737,743,743,748,776,783,782
162,08,000,38370,00000,00000,0,A,Idaho Springs city,Colorado,1717,1722,1724,1708,1707,1710,1724,1745,1766,1807,1795,1792,1841,1857
162,08,000,38535,00000,00000,0,A,Ignacio town,Colorado,697,858,862,872,882,895,914,927,943,952,958,962,964,963
162,08,000,38590,00000,00000,0,A,Iliff town,Colorado,266,266,266,265,266,264,270,271,269,269,270,271,273,272
162,08,000,39195,00000,00000,0,A,Jamestown town,Colorado,274,274,274,277,282,284,249,253,259,258,258,255,255,254
162,08,000,39855,00000,00000,0,A,Johnstown town,Colorado,9887,9862,9906,10051,10209,11448,11696,11957,12198,12363,12674,13750,13889,13923
162,08,000,39965,00000,00000,0,A,Julesburg town,Colorado,1225,1225,1219,1219,1222,1202,1200,1220,1233,1190,1173,1170,1159,1161
162,08,000,40185,00000,00000,0,A,Keenesburg town,Colorado,1127,1128,1133,1150,1169,1196,1223,1251,1280,1306,1311,1300,1302,1302
162,08,000,40515,00000,00000,0,A,Kersey town,Colorado,1454,1479,1486,1508,1541,1590,1633,1686,1731,1774,1789,1785,1796,1798
162,08,000,40570,00000,00000,0,A,Kim town,Colorado,74,74,73,71,72,68,66,66,67,68,69,70,70,70
162,08,000,40790,00000,00000,0,A,Kiowa town,Colorado,723,719,721,722,723,730,747,762,779,797,799,818,824,826
162,08,000,41010,00000,00000,0,A,Kit Carson town,Colorado,233,233,233,237,238,238,234,231,240,240,241,236,230,229
162,08,000,41560,00000,00000,0,A,Kremmling town,Colorado,1444,1444,1439,1422,1383,1388,1415,1439,1481,1500,1508,1517,1524,1523
162,08,000,41835,00000,00000,0,A,Lafayette city,Colorado,24453,24482,24486,25482,25840,26832,27212,27380,27454,27271,27960,28495,28563,28579
162,08,000,42055,00000,00000,0,A,La Jara town,Colorado,818,842,847,844,839,831,833,815,812,819,814,811,808,805
162,08,000,42110,00000,00000,0,A,La Junta city,Colorado,7077,7078,7087,7081,7008,6941,6900,6834,6924,6947,6932,6877,6859,6854
162,08,000,42330,00000,00000,0,A,Lake City town,Colorado,408,410,411,401,387,387,370,364,375,377,377,378,384,388
162,08,000,42495,00000,00000,0,A,Lakeside town,Colorado,8,8,8,8,8,8,8,8,8,8,8,8,8,8
162,08,000,43000,00000,00000,0,A,Lakewood city,Colorado,142980,142592,142769,144110,145727,147132,149287,151013,153851,155020,155912,156459,157269,157429
162,08,000,43110,00000,00000,0,A,Lamar city,Colorado,7804,7943,7940,7910,7858,7790,7630,7551,7551,7580,7599,7638,7631,7641
162,08,000,43550,00000,00000,0,A,Larkspur town,Colorado,183,183,184,190,192,193,194,195,191,191,195,196,201,203
162,08,000,43605,00000,00000,0,A,La Salle town,Colorado,1955,1959,1968,1998,2028,2064,2112,2161,2273,2519,2514,2486,2472,2466
162,08,000,43660,00000,00000,0,A,Las Animas city,Colorado,2410,2406,2405,2355,2313,2246,2176,2206,2169,2165,2161,2153,2163,2128
162,08,000,44100,00000,00000,0,A,La Veta town,Colorado,800,800,797,774,776,763,756,757,777,780,815,811,812,809
162,08,000,44320,00000,00000,0,A,Leadville city,Colorado,2602,2570,2554,2575,2539,2531,2553,2603,2644,2715,2716,2803,2779,2773
162,08,000,44980,00000,00000,0,A,Limon town,Colorado,1880,1882,1883,1873,1868,1862,1889,1913,1937,1922,1919,1948,1951,1945
162,08,000,45255,00000,00000,0,A,Littleton city,Colorado,41737,41624,41598,42267,42889,43490,43992,44628,45088,45541,45683,45616,45930,46000
162,08,000,45530,00000,00000,0,A,Lochbuie town,Colorado,4726,4727,4749,4820,4899,4981,5124,5244,5672,6290,6661,7502,7794,7885
162,08,000,45695,00000,00000,0,A,Log Lane Village town,Colorado,873,817,819,827,825,823,822,827,830,836,849,855,851,848
162,08,000,45955,00000,00000,0,A,Lone Tree city,Colorado,10218,10235,10279,10558,10898,11475,12613,12857,12852,13413,13528,13482,13588,13614
162,08,000,45970,00000,00000,0,A,Longmont city,Colorado,86270,86330,86616,87660,88944,90245,91448,93090,94054,94532,95251,97316,98182,98445
162,08,000,46355,00000,00000,0,A,Louisville city,Colorado,18376,18409,18412,18590,18789,19053,19244,19453,19543,19415,19461,19231,19106,19060
162,08,000,46465,00000,00000,0,A,Loveland city,Colorado,66859,67005,67257,68512,71006,72395,74285,76638,79177,80890,82147,83168,83471,83517
162,08,000,47070,00000,00000,0,A,Lyons town,Colorado,2033,2119,2122,2154,2176,2198,2059,2071,2077,2062,2072,2058,2057,2058
162,08,000,48060,00000,00000,0,A,Manassa town,Colorado,991,991,999,1000,999,997,1006,991,996,1013,1018,1022,1021,1019
162,08,000,48115,00000,00000,0,A,Mancos town,Colorado,1336,1339,1341,1339,1340,1346,1353,1365,1384,1386,1395,1397,1399,1398
162,08,000,48445,00000,00000,0,A,Manitou Springs city,Colorado,4992,4965,5004,5097,5181,5208,5194,5225,5274,5307,5336,5399,5450,5461
162,08,000,48500,00000,00000,0,A,Manzanola town,Colorado,434,431,432,431,424,422,420,417,415,417,416,411,410,410
162,08,000,48555,00000,00000,0,A,Marble town,Colorado,131,120,120,120,120,120,123,126,128,133,136,139,139,140
162,08,000,49600,00000,00000,0,A,Mead town,Colorado,3405,3450,3486,3584,3825,4045,4219,4682,4845,4956,5058,5018,5007,5003
162,08,000,49875,00000,00000,0,A,Meeker town,Colorado,2475,2472,2453,2512,2491,2453,2413,2361,2338,2337,2327,2328,2318,2318
162,08,000,50040,00000,00000,0,A,Merino town,Colorado,284,286,287,287,286,284,286,287,284,283,282,283,283,281
162,08,000,50480,00000,00000,0,A,Milliken town,Colorado,5610,5614,5640,5733,5851,5993,6198,6437,6942,7323,7943,8408,8624,8688
162,08,000,50920,00000,00000,0,A,Minturn town,Colorado,1027,1083,1085,1089,1099,1111,1122,1134,1156,1169,1168,1175,1156,1147
162,08,000,51250,00000,00000,0,A,Moffat town,Colorado,116,116,116,117,120,119,117,119,122,126,127,124,123,123
162,08,000,51635,00000,00000,0,A,Monte Vista city,Colorado,4444,4439,4454,4394,4363,4278,4204,4131,4116,4083,4058,4059,4060,4067
162,08,000,51690,00000,00000,0,A,Montezuma town,Colorado,65,69,69,69,69,70,72,74,74,75,75,75,75,75
162,08,000,51745,00000,00000,0,A,Montrose city,Colorado,19132,19097,19110,18990,18853,18773,18753,18718,18946,19173,19377,19606,19828,19902
162,08,000,51800,00000,00000,0,A,Monument town,Colorado,5530,6035,6085,6268,6372,6471,6553,6675,6825,7400,8025,8089,8142,8152
162,08,000,52075,00000,00000,0,A,Morrison town,Colorado,428,418,418,420,423,425,427,431,433,431,431,432,431,430
162,08,000,52350,00000,00000,0,A,Mountain View town,Colorado,507,507,507,511,516,523,530,539,543,548,549,551,550,549
162,08,000,52550,00000,00000,0,A,Mountain Village town,Colorado,1320,1317,1316,1347,1375,1384,1405,1431,1470,1475,1505,1487,1472,1470
162,08,000,52570,00000,00000,0,A,Mount Crested Butte town,Colorado,801,816,813,816,817,820,831,854,869,886,889,898,894,893
162,08,000,53120,00000,00000,0,A,Naturita town,Colorado,546,537,534,528,524,521,520,516,521,525,524,525,526,526
162,08,000,53175,00000,00000,0,A,Nederland town,Colorado,1445,1445,1445,1460,1478,1491,1497,1531,1552,1542,1557,1557,1559,1557
162,08,000,53395,00000,00000,0,A,New Castle town,Colorado,4518,4517,4492,4480,4531,4542,4539,4573,4687,4768,4979,4984,4973,4962
162,08,000,54330,00000,00000,0,A,Northglenn city,Colorado,35789,35690,35834,36450,37009,37559,38086,38987,39270,39368,39348,39187,38953,38845
162,08,000,54880,00000,00000,0,A,Norwood town,Colorado,518,518,520,529,535,538,552,565,579,587,603,601,597,598
162,08,000,54935,00000,00000,0,A,Nucla town,Colorado,711,712,709,701,696,693,690,686,690,692,692,689,688,688
162,08,000,55045,00000,00000,0,A,Nunn town,Colorado,416,417,419,425,432,444,454,467,483,490,491,498,498,497
162,08,000,55155,00000,00000,0,A,Oak Creek town,Colorado,884,899,895,891,891,899,912,920,924,943,954,959,958,959
162,08,000,55540,00000,00000,0,A,Olathe town,Colorado,1849,1868,1860,1839,1821,1809,1802,1793,1804,1815,1834,1824,1825,1824
162,08,000,55705,00000,00000,0,A,Olney Springs town,Colorado,345,345,348,354,345,337,335,328,331,325,331,331,333,325
162,08,000,55870,00000,00000,0,A,Ophir town,Colorado,159,163,163,166,168,169,171,173,177,179,188,190,190,190
162,08,000,55980,00000,00000,0,A,Orchard City town,Colorado,3119,3133,3125,3082,3088,3090,3044,3031,3087,3117,3175,3205,3242,3242
162,08,000,56145,00000,00000,0,A,Ordway town,Colorado,1080,1080,1090,1108,1082,1058,1052,1031,1032,1013,1032,1032,1039,1013
162,08,000,56365,00000,00000,0,A,Otis town,Colorado,475,472,473,468,460,464,465,472,478,487,484,483,484,484
162,08,000,56420,00000,00000,0,A,Ouray city,Colorado,1000,1002,1006,994,1009,1012,1001,993,1026,1028,1024,1050,1046,1046
162,08,000,56475,00000,00000,0,A,Ovid town,Colorado,318,318,317,317,317,314,312,318,322,311,307,305,302,302
162,08,000,56860,00000,00000,0,A,Pagosa Springs town,Colorado,1727,1734,1729,1714,1720,1731,1743,1768,1857,1949,2001,2078,2127,2132
162,08,000,56970,00000,00000,0,A,Palisade town,Colorado,2692,2663,2654,2676,2689,2705,2723,2740,2774,2785,2786,2781,2793,2797
162,08,000,57025,00000,00000,0,A,Palmer Lake town,Colorado,2420,2523,2542,2591,2636,2679,2712,2766,2833,2900,2971,3004,3031,3037
162,08,000,57245,00000,00000,0,A,Paoli town,Colorado,34,34,34,34,34,34,33,33,34,34,36,35,35,35
162,08,000,57300,00000,00000,0,A,Paonia town,Colorado,1451,1462,1459,1437,1435,1432,1404,1394,1413,1421,1459,1465,1475,1474
162,08,000,57400,00000,00000,0,A,Parachute town,Colorado,1085,1080,1074,1071,1086,1088,1087,1095,1112,1109,1115,1120,1117,1114
162,08,000,57630,00000,00000,0,A,Parker town,Colorado,45297,45352,45550,46387,47481,48795,49940,50940,52121,53652,55099,57309,58359,58673
162,08,000,58235,00000,00000,0,A,Peetz town,Colorado,238,241,241,240,239,238,239,239,240,239,238,239,239,237
162,08,000,59005,00000,00000,0,A,Pierce town,Colorado,834,830,834,846,860,872,892,913,934,949,955,945,940,938
162,08,000,59830,00000,00000,0,A,Pitkin town,Colorado,66,64,64,65,65,66,67,68,69,71,71,71,71,70
162,08,000,60160,00000,00000,0,A,Platteville town,Colorado,2485,2489,2501,2541,2588,2659,2791,2898,2989,3042,3051,3017,3006,3000
162,08,000,60600,00000,00000,0,A,Poncha Springs town,Colorado,737,726,726,744,755,776,778,793,866,983,1075,1117,1134,1134
162,08,000,61315,00000,00000,0,A,Pritchett town,Colorado,140,140,141,139,137,135,132,131,130,131,132,133,132,130
162,08,000,62000,00000,00000,0,A,Pueblo city,Colorado,106595,106539,106743,107256,107627,107746,107958,109114,110423,111519,112076,112126,112628,112751
162,08,000,62660,00000,00000,0,A,Ramah town,Colorado,123,123,124,125,126,127,127,127,128,131,130,132,132,131
162,08,000,62880,00000,00000,0,A,Rangely town,Colorado,2365,2368,2351,2376,2424,2421,2395,2361,2349,2299,2310,2307,2300,2300
162,08,000,63045,00000,00000,0,A,Raymer (New Raymer) town,Colorado,96,98,99,100,102,105,108,112,115,118,118,119,120,120
162,08,000,63265,00000,00000,0,A,Red Cliff town,Colorado,267,272,273,273,273,275,281,285,289,288,293,291,298,300
162,08,000,64090,00000,00000,0,A,Rico town,Colorado,265,265,266,262,258,261,254,253,262,260,257,252,260,262
162,08,000,64200,00000,00000,0,A,Ridgway town,Colorado,924,889,891,883,896,905,907,911,953,959,975,1036,1037,1039
162,08,000,64255,00000,00000,0,A,Rifle city,Colorado,9172,9394,9344,9332,9461,9499,9504,9570,9742,9748,9797,9811,9793,9775
162,08,000,64970,00000,00000,0,A,Rockvale town,Colorado,487,491,490,488,487,485,484,485,489,492,494,495,502,504
162,08,000,65190,00000,00000,0,A,Rocky Ford city,Colorado,3957,3960,3965,3961,3917,3878,3852,3823,3827,3840,3846,3822,3809,3806
162,08,000,65740,00000,00000,0,A,Romeo town,Colorado,404,404,407,408,407,407,411,405,405,414,415,418,419,417
162,08,000,66895,00000,00000,0,A,Rye town,Colorado,153,156,156,156,157,242,243,244,247,248,250,251,252,253
162,08,000,67005,00000,00000,0,A,Saguache town,Colorado,485,496,498,502,513,506,504,508,520,539,544,530,530,531
162,08,000,67280,00000,00000,0,A,Salida city,Colorado,5236,5257,5257,5308,5342,5405,5356,5350,5411,5489,5497,5564,5678,5690
162,08,000,67830,00000,00000,0,A,Sanford town,Colorado,879,879,887,886,886,884,889,875,878,895,898,899,902,900
162,08,000,68105,00000,00000,0,A,San Luis town,Colorado,629,629,629,653,651,644,646,652,673,687,693,699,698,692
162,08,000,68655,00000,00000,0,A,Sawpit town,Colorado,40,34,34,35,35,35,36,36,37,37,39,39,38,38
162,08,000,68930,00000,00000,0,A,Sedgwick town,Colorado,146,146,145,145,146,143,143,145,147,141,139,138,137,137
162,08,000,69040,00000,00000,0,A,Seibert town,Colorado,181,181,181,183,183,181,217,219,218,216,216,216,215,214
162,08,000,69150,00000,00000,0,A,Severance town,Colorado,3165,3189,3204,3252,3319,3412,3587,3862,4195,4500,5277,6436,7342,7634
162,08,000,69645,00000,00000,0,A,Sheridan city,Colorado,5664,5623,5615,5698,5785,5846,5914,5997,6060,6067,6105,6084,6044,6027
162,08,000,69700,00000,00000,0,A,Sheridan Lake town,Colorado,88,83,83,85,85,85,84,84,81,82,84,86,87,88
162,08,000,70195,00000,00000,0,A,Silt town,Colorado,2930,2933,2917,2909,2940,2947,2942,2976,3039,3034,3064,3106,3112,3109
162,08,000,70250,00000,00000,0,A,Silver Cliff town,Colorado,587,581,588,589,588,593,604,618,643,688,708,735,741,741
162,08,000,70360,00000,00000,0,A,Silver Plume town,Colorado,170,170,170,169,169,169,171,173,176,179,177,177,176,175
162,08,000,70525,00000,00000,0,A,Silverthorne town,Colorado,3887,3900,3914,3921,3970,4035,4227,4362,4424,4490,4573,4670,4846,4906
162,08,000,70580,00000,00000,0,A,Silverton town,Colorado,637,637,645,629,630,630,648,628,628,648,691,657,678,679
162,08,000,70635,00000,00000,0,A,Simla town,Colorado,618,613,614,615,620,627,640,657,672,687,691,687,690,690
162,08,000,71755,00000,00000,0,A,Snowmass Village town,Colorado,2826,2816,2818,2819,2838,2864,2892,2865,2805,2805,2806,2760,2760,2760
162,08,000,72395,00000,00000,0,A,South Fork town,Colorado,386,455,456,452,451,443,437,430,430,428,425,425,425,425
162,08,000,73330,00000,00000,0,A,Springfield town,Colorado,1451,1447,1454,1446,1427,1402,1375,1362,1354,1362,1375,1386,1374,1364
162,08,000,73715,00000,00000,0,A,Starkville town,Colorado,59,59,59,57,56,53,52,51,52,54,54,54,55,55
162,08,000,73825,00000,00000,0,A,Steamboat Springs city,Colorado,12088,12129,12093,12000,11991,12160,12408,12566,12755,12997,13136,13180,13164,13169
162,08,000,73935,00000,00000,0,A,Sterling city,Colorado,14777,14799,14828,14705,14510,14388,14594,14581,14549,14472,14465,14518,14154,14078
162,08,000,74485,00000,00000,0,A,Stratton town,Colorado,658,659,658,668,664,657,658,654,650,644,645,644,641,640
162,08,000,74815,00000,00000,0,A,Sugar City town,Colorado,258,258,260,264,258,252,250,245,246,241,246,247,251,244
162,08,000,75640,00000,00000,0,A,Superior town,Colorado,12483,12481,12483,12609,12750,12862,12897,13006,13144,13211,13347,13387,13408,13413
162,08,000,75970,00000,00000,0,A,Swink town,Colorado,617,617,618,617,611,603,599,595,596,598,599,595,596,595
162,08,000,76795,00000,00000,0,A,Telluride town,Colorado,2325,2229,2228,2265,2290,2303,2336,2360,2411,2411,2447,2429,2415,2416
162,08,000,77290,00000,00000,0,A,Thornton city,Colorado,118772,118859,119544,122407,125426,128666,131945,135191,138425,142184,145159,146929,147912,148113
162,08,000,77510,00000,00000,0,A,Timnath town,Colorado,625,650,695,784,791,922,936,955,957,960,1700,2811,3100,3193
162,08,000,78610,00000,00000,0,A,Trinidad city,Colorado,9096,9064,9011,8741,8671,8226,7951,7940,7952,8033,8162,8098,8124,8127
162,08,000,79270,00000,00000,0,A,Two Buttes town,Colorado,43,43,43,43,42,41,41,40,40,40,40,41,40,40
162,08,000,80040,00000,00000,0,A,Vail town,Colorado,5305,5325,5314,5311,5339,5397,5444,5585,5672,5696,5634,5614,5524,5489
162,08,000,80865,00000,00000,0,A,Victor city,Colorado,397,412,413,411,414,412,413,407,415,424,427,429,426,426
162,08,000,81030,00000,00000,0,A,Vilas town,Colorado,114,114,115,114,112,110,108,107,106,106,107,108,107,106
162,08,000,81690,00000,00000,0,A,Vona town,Colorado,106,106,106,107,107,106,106,107,106,105,106,107,106,106
162,08,000,82130,00000,00000,0,A,Walden town,Colorado,608,608,606,594,580,584,605,591,594,605,614,613,609,609
162,08,000,82350,00000,00000,0,A,Walsenburg city,Colorado,3068,3064,3046,2961,2964,2907,2873,2869,2935,2943,3035,3013,3014,3003
162,08,000,82460,00000,00000,0,A,Walsh town,Colorado,546,546,549,544,536,527,516,512,509,513,516,522,517,513
162,08,000,82735,00000,00000,0,A,Ward town,Colorado,150,150,150,152,153,155,155,156,158,158,170,166,167,168
162,08,000,83230,00000,00000,0,A,Wellington town,Colorado,6289,6389,6401,6496,6648,6745,6850,6971,7674,8074,8755,9155,9508,9620
162,08,000,83450,00000,00000,0,A,Westcliffe town,Colorado,568,571,575,571,580,590,606,616,632,663,670,689,692,692
162,08,000,83835,00000,00000,0,A,Westminster city,Colorado,106114,106142,106479,107933,109458,111041,112427,113648,114282,114578,115068,115146,115136,115046
162,08,000,84440,00000,00000,0,A,Wheat Ridge city,Colorado,30166,30179,30207,30396,30677,30902,31202,31486,31829,31867,31939,31971,31902,31857
162,08,000,84770,00000,00000,0,A,Wiggins town,Colorado,893,886,888,894,886,913,906,908,904,902,1015,1015,1117,1152
162,08,000,85045,00000,00000,0,A,Wiley town,Colorado,405,405,405,403,403,399,390,386,386,390,393,395,394,395
162,08,000,85155,00000,00000,0,A,Williamsburg town,Colorado,662,659,657,655,653,643,641,643,651,664,677,675,680,682
162,08,000,85485,00000,00000,0,A,Windsor town,Colorado,18644,18650,18846,19259,19533,19796,20209,20651,21018,21274,23110,25292,27089,27659
162,08,000,85705,00000,00000,0,A,Winter Park town,Colorado,999,1019,1016,998,966,970,986,997,1034,1054,1074,1096,1105,1106
162,08,000,86090,00000,00000,0,A,Woodland Park city,Colorado,7200,7145,7170,7123,7131,7095,7118,7266,7608,7850,8013,8116,8129,8151
162,08,000,86310,00000,00000,0,A,Wray city,Colorado,2342,2364,2365,2385,2381,2388,2404,2376,2378,2362,2355,2360,2352,2353
162,08,000,86475,00000,00000,0,A,Yampa town,Colorado,429,430,428,424,427,434,441,443,449,458,462,463,462,463
162,08,000,86750,00000,00000,0,A,Yuma city,Colorado,3524,3518,3520,3550,3538,3551,3573,3521,3527,3501,3492,3499,3496,3497
050,08,001,00000,00000,00000,0,A,Adams County,Colorado,441603,441701,443692,452209,460568,469995,479954,490448,497735,503717,511485,516575,519385,519883
157,08,001,03455,00000,00000,1,A,Arvada city (pt.),Colorado,2849,2850,2861,2911,2955,3031,3073,3115,3133,3140,3138,3124,3117,3114
157,08,001,04000,00000,00000,1,A,Aurora city (pt.),Colorado,39871,39951,40085,40732,41393,42629,43899,44898,45862,46434,47409,47625,47890,47938
157,08,001,06090,00000,00000,1,A,Bennett town (pt.),Colorado,1955,1950,1958,1989,2020,2050,2076,2101,2113,2119,2175,2443,2536,2564
157,08,001,08675,00000,00000,1,A,Brighton city (pt.),Colorado,33009,33071,33202,33891,34471,34961,35519,36528,37272,37599,37572,38209,38921,39123
157,08,001,16495,00000,00000,1,A,Commerce City city,Colorado,45913,45849,46033,46809,47687,48894,50704,52404,53201,53314,55727,57904,59006,59317
157,08,001,26270,00000,00000,1,A,Federal Heights city,Colorado,11467,11461,11507,11723,11917,12118,12346,12797,13199,13515,13712,13691,13628,13598
157,08,001,45530,00000,00000,1,A,Lochbuie town (pt.),Colorado,2,2,2,2,2,2,2,2,2,2,2,2,2,2
157,08,001,54330,00000,00000,1,A,Northglenn city (pt.),Colorado,35777,35670,35814,36430,36988,37538,38064,38965,39247,39345,39325,39164,38930,38823
157,08,001,77290,00000,00000,1,A,Thornton city (pt.),Colorado,118772,118859,119544,122407,125426,128666,131945,135191,138425,142184,145159,146929,147912,148113
157,08,001,83835,00000,00000,1,A,Westminster city (pt.),Colorado,63696,63730,64022,65174,66237,67323,68300,69197,69551,69704,70012,69943,69880,69802
157,08,001,99990,00000,00000,1,F,Balance of Adams County,Colorado,88292,88308,88664,90141,91472,92783,94026,95250,95730,96361,97254,97541,97563,97489
050,08,003,00000,00000,00000,0,A,Alamosa County,Colorado,15445,15440,15515,15715,15685,15794,15807,15894,16047,16102,16235,16200,16226,16180
157,08,003,01090,00000,00000,1,A,Alamosa city,Colorado,8780,8865,8907,9021,9020,9064,9126,9175,9246,9295,9384,9386,9394,9367
157,08,003,37380,00000,00000,1,A,Hooper town,Colorado,103,103,103,105,106,106,104,104,105,104,104,105,104,104
157,08,003,99990,00000,00000,1,F,Balance of Alamosa County,Colorado,6562,6472,6505,6589,6559,6624,6577,6615,6696,6703,6747,6709,6728,6709
050,08,005,00000,00000,00000,0,A,Arapahoe County,Colorado,572003,572477,575124,586433,597052,609089,619681,631688,639605,645080,652395,656051,657478,657452
157,08,005,04000,00000,00000,1,A,Aurora city (pt.),Colorado,285090,284911,287670,294012,300083,306449,311696,319135,323433,326304,331736,335926,337197,337361
157,08,005,06090,00000,00000,1,A,Bennett town (pt.),Colorado,353,350,350,355,361,366,370,375,378,378,389,434,448,453
157,08,005,08070,00000,00000,1,A,Bow Mar town (pt.),Colorado,589,594,593,603,615,627,641,658,679,675,681,675,670,667
157,08,005,12815,00000,00000,1,A,Centennial city,Colorado,100377,100391,100294,101955,103522,105900,107202,108891,109694,111127,111351,111121,110457,110156
157,08,005,13845,00000,00000,1,A,Cherry Hills Village city,Colorado,5987,5987,6009,6134,6253,6376,6495,6632,6685,6719,6722,6676,6639,6620
157,08,005,16385,00000,00000,1,A,Columbine Valley town,Colorado,1256,1252,1251,1273,1295,1314,1327,1358,1410,1452,1492,1500,1508,1508
157,08,005,19630,00000,00000,1,A,Deer Trail town,Colorado,546,547,546,555,561,570,577,584,588,586,619,738,827,856
157,08,005,24785,00000,00000,1,A,Englewood city,Colorado,30255,30260,30231,30715,31148,31597,31972,32425,33891,34730,35254,35183,35139,35099
157,08,005,28105,00000,00000,1,A,Foxfield town,Colorado,685,714,713,725,735,746,763,773,778,783,785,776,773,771
157,08,005,30340,00000,00000,1,A,Glendale city,Colorado,4184,4318,4314,4381,4445,4508,5120,5188,5219,5213,5206,5161,5119,5102
157,08,005,33035,00000,00000,1,A,Greenwood Village city,Colorado,13925,13919,13906,14190,14419,14644,14823,15094,15188,15167,15153,15047,14950,14907
157,08,005,45255,00000,00000,1,A,Littleton city (pt.),Colorado,39328,39200,39163,39782,40381,40965,41438,41999,42407,42767,42897,42815,43134,43206
157,08,005,69645,00000,00000,1,A,Sheridan city,Colorado,5664,5623,5615,5698,5785,5846,5914,5997,6060,6067,6105,6084,6044,6027
157,08,005,99990,00000,00000,1,F,Balance of Arapahoe County,Colorado,83764,84411,84469,86055,87449,89181,91343,92579,93195,93112,94005,93915,94573,94719
050,08,007,00000,00000,00000,0,A,Archuleta County,Colorado,12084,12084,12048,12027,12141,12225,12240,12399,12834,13312,13670,13928,14188,14196
157,08,007,56860,00000,00000,1,A,Pagosa Springs town,Colorado,1727,1734,1729,1714,1720,1731,1743,1768,1857,1949,2001,2078,2127,2132
157,08,007,99990,00000,00000,1,F,Balance of Archuleta County,Colorado,10357,10350,10319,10313,10421,10494,10497,10631,10977,11363,11669,11850,12061,12064
050,08,009,00000,00000,00000,0,A,Baca County,Colorado,3788,3787,3807,3779,3722,3656,3586,3554,3534,3554,3587,3620,3583,3555
157,08,009,11645,00000,00000,1,A,Campo town,Colorado,109,109,110,109,107,105,103,102,101,102,103,104,102,102
157,08,009,61315,00000,00000,1,A,Pritchett town,Colorado,140,140,141,139,137,135,132,131,130,131,132,133,132,130
157,08,009,73330,00000,00000,1,A,Springfield town,Colorado,1451,1447,1454,1446,1427,1402,1375,1362,1354,1362,1375,1386,1374,1364
157,08,009,79270,00000,00000,1,A,Two Buttes town,Colorado,43,43,43,43,42,41,41,40,40,40,40,41,40,40
157,08,009,81030,00000,00000,1,A,Vilas town,Colorado,114,114,115,114,112,110,108,107,106,106,107,108,107,106
157,08,009,82460,00000,00000,1,A,Walsh town,Colorado,546,546,549,544,536,527,516,512,509,513,516,522,517,513
157,08,009,99990,00000,00000,1,F,Balance of Baca County,Colorado,1385,1388,1395,1384,1361,1336,1311,1300,1294,1300,1314,1326,1311,1300
050,08,011,00000,00000,00000,0,A,Bent County,Colorado,6499,6499,6500,6424,5850,5759,5821,5891,5832,5828,5793,5578,5421,5356
157,08,011,43660,00000,00000,1,A,Las Animas city,Colorado,2410,2406,2405,2355,2313,2246,2176,2206,2169,2165,2161,2153,2163,2128
157,08,011,99990,00000,00000,1,F,Balance of Bent County,Colorado,4089,4093,4095,4069,3537,3513,3645,3685,3663,3663,3632,3425,3258,3228
050,08,013,00000,00000,00000,0,A,Boulder County,Colorado,294567,294560,295056,300045,304717,309538,312525,318408,321761,323019,325438,326020,327069,327171
157,08,013,07850,00000,00000,1,A,Boulder city,Colorado,97385,97613,97724,99533,101336,102830,103798,106780,108158,109118,109069,107703,107808,107645
157,08,013,24950,00000,00000,1,A,Erie town (pt.),Colorado,8348,8368,8448,8753,8999,9111,9409,9819,10368,10737,11532,12183,12618,12759
157,08,013,39195,00000,00000,1,A,Jamestown town,Colorado,274,274,274,277,282,284,249,253,259,258,258,255,255,254
157,08,013,41835,00000,00000,1,A,Lafayette city,Colorado,24453,24482,24486,25482,25840,26832,27212,27380,27454,27271,27960,28495,28563,28579
157,08,013,45970,00000,00000,1,A,Longmont city (pt.),Colorado,86240,86287,86573,87616,88900,90200,91403,93044,94009,94487,95206,96660,97529,97793
157,08,013,46355,00000,00000,1,A,Louisville city,Colorado,18376,18409,18412,18590,18789,19053,19244,19453,19543,19415,19461,19231,19106,19060
157,08,013,47070,00000,00000,1,A,Lyons town,Colorado,2033,2119,2122,2154,2176,2198,2059,2071,2077,2062,2072,2058,2057,2058
157,08,013,53175,00000,00000,1,A,Nederland town,Colorado,1445,1445,1445,1460,1478,1491,1497,1531,1552,1542,1557,1557,1559,1557
157,08,013,75640,00000,00000,1,A,Superior town (pt.),Colorado,12483,12481,12483,12609,12750,12862,12897,13006,13144,13211,13347,13387,13408,13413
157,08,013,82735,00000,00000,1,A,Ward town,Colorado,150,150,150,152,153,155,155,156,158,158,170,166,167,168
157,08,013,99990,00000,00000,1,F,Balance of Boulder County,Colorado,43380,42932,42939,43419,44014,44522,44602,44915,45039,44760,44806,44325,43999,43885
050,08,014,00000,00000,00000,0,C,Broomfield County,Colorado,55889,55848,56212,57485,58971,60158,61791,64914,66596,68340,69431,70617,71878,72236
157,08,014,09280,00000,00000,1,A,Broomfield city,Colorado,55889,55848,56212,57485,58971,60158,61791,64914,66596,68340,69431,70617,71878,72236
050,08,015,00000,00000,00000,0,A,Chaffee County,Colorado,17809,17809,17808,18035,18164,18375,18471,18635,19140,19700,20066,20319,20622,20661
157,08,015,10105,00000,00000,1,A,Buena Vista town,Colorado,2617,2582,2582,2609,2629,2672,2660,2704,2764,2843,2899,3052,3109,3116
157,08,015,60600,00000,00000,1,A,Poncha Springs town,Colorado,737,726,726,744,755,776,778,793,866,983,1075,1117,1134,1134
157,08,015,67280,00000,00000,1,A,Salida city,Colorado,5236,5257,5257,5308,5342,5405,5356,5350,5411,5489,5497,5564,5678,5690
157,08,015,99990,00000,00000,1,F,Balance of Chaffee County,Colorado,9219,9244,9243,9374,9438,9522,9677,9788,10099,10385,10595,10586,10701,10721
050,08,017,00000,00000,00000,0,A,Cheyenne County,Colorado,1836,1833,1833,1863,1871,1878,1845,1826,1848,1849,1864,1824,1802,1795
157,08,017,14175,00000,00000,1,A,Cheyenne Wells town,Colorado,846,846,846,860,863,863,848,839,846,844,848,830,818,815
157,08,017,41010,00000,00000,1,A,Kit Carson town,Colorado,233,233,233,237,238,238,234,231,240,240,241,236,230,229
157,08,017,99990,00000,00000,1,F,Balance of Cheyenne County,Colorado,757,754,754,766,770,777,763,756,762,765,775,758,754,751
050,08,019,00000,00000,00000,0,A,Clear Creek County,Colorado,9088,9073,9084,9012,9017,9025,9124,9246,9355,9573,9552,9598,9596,9586
157,08,019,12910,00000,00000,1,A,Central City city (pt.),Colorado,0,0,0,0,0,0,0,0,0,0,0,0,0,0
157,08,019,24620,00000,00000,1,A,Empire town,Colorado,282,282,283,281,283,283,287,291,295,304,303,305,303,302
157,08,019,29735,00000,00000,1,A,Georgetown town,Colorado,1034,1034,1035,1029,1027,1028,1037,1049,1058,1081,1091,1111,1105,1102
157,08,019,38370,00000,00000,1,A,Idaho Springs city,Colorado,1717,1722,1724,1708,1707,1710,1724,1745,1766,1807,1795,1792,1841,1857
157,08,019,70360,00000,00000,1,A,Silver Plume town,Colorado,170,170,170,169,169,169,171,173,176,179,177,177,176,175
157,08,019,99990,00000,00000,1,F,Balance of Clear Creek County,Colorado,5885,5865,5872,5825,5831,5835,5905,5988,6060,6202,6186,6213,6171,6150
050,08,021,00000,00000,00000,0,A,Conejos County,Colorado,8256,8256,8312,8291,8248,8199,8230,8064,8044,8141,8154,8169,8165,8143
157,08,021,02355,00000,00000,1,A,Antonito town,Colorado,781,781,786,787,782,776,779,762,758,766,763,760,755,752
157,08,021,42055,00000,00000,1,A,La Jara town,Colorado,818,842,847,844,839,831,833,815,812,819,814,811,808,805
157,08,021,48060,00000,00000,1,A,Manassa town,Colorado,991,991,999,1000,999,997,1006,991,996,1013,1018,1022,1021,1019
157,08,021,65740,00000,00000,1,A,Romeo town,Colorado,404,404,407,408,407,407,411,405,405,414,415,418,419,417
157,08,021,67830,00000,00000,1,A,Sanford town,Colorado,879,879,887,886,886,884,889,875,878,895,898,899,902,900
157,08,021,99990,00000,00000,1,F,Balance of Conejos County,Colorado,4383,4359,4386,4366,4335,4304,4312,4216,4195,4234,4246,4259,4260,4250
050,08,023,00000,00000,00000,0,A,Costilla County,Colorado,3524,3524,3529,3640,3601,3540,3560,3576,3692,3758,3803,3872,3935,3921
157,08,023,07190,00000,00000,1,A,Blanca town,Colorado,385,385,384,395,390,381,386,385,398,405,408,413,411,407
157,08,023,68105,00000,00000,1,A,San Luis town,Colorado,629,629,629,653,651,644,646,652,673,687,693,699,698,692
157,08,023,99990,00000,00000,1,F,Balance of Costilla County,Colorado,2510,2510,2516,2592,2560,2515,2528,2539,2621,2666,2702,2760,2826,2822
050,08,025,00000,00000,00000,0,A,Crowley County,Colorado,5823,5823,5859,5884,5468,5352,5610,5633,5276,5820,5886,5989,5775,5696
157,08,025,18750,00000,00000,1,A,Crowley town,Colorado,176,176,178,180,176,172,171,167,168,166,168,170,171,166
157,08,025,55705,00000,00000,1,A,Olney Springs town,Colorado,345,345,348,354,345,337,335,328,331,325,331,331,333,325
157,08,025,56145,00000,00000,1,A,Ordway town,Colorado,1080,1080,1090,1108,1082,1058,1052,1031,1032,1013,1032,1032,1039,1013
157,08,025,74815,00000,00000,1,A,Sugar City town,Colorado,258,258,260,264,258,252,250,245,246,241,246,247,251,244
157,08,025,99990,00000,00000,1,F,Balance of Crowley County,Colorado,3964,3964,3983,3978,3607,3533,3802,3862,3499,4075,4109,4209,3981,3948
050,08,027,00000,00000,00000,0,A,Custer County,Colorado,4255,4251,4278,4224,4217,4260,4339,4434,4581,4861,4962,5119,5176,5183
157,08,027,70250,00000,00000,1,A,Silver Cliff town,Colorado,587,581,588,589,588,593,604,618,643,688,708,735,741,741
157,08,027,83450,00000,00000,1,A,Westcliffe town,Colorado,568,571,575,571,580,590,606,616,632,663,670,689,692,692
157,08,027,99990,00000,00000,1,F,Balance of Custer County,Colorado,3100,3099,3115,3064,3049,3077,3129,3200,3306,3510,3584,3695,3743,3750
050,08,029,00000,00000,00000,0,A,Delta County,Colorado,30952,30954,30858,30398,30473,30349,29973,29925,30352,30516,30835,31021,31103,31067
157,08,029,12635,00000,00000,1,A,Cedaredge town,Colorado,2253,2251,2245,2211,2208,2214,2176,2172,2206,2221,2254,2283,2311,2313
157,08,029,17925,00000,00000,1,A,Crawford town,Colorado,431,432,430,424,423,425,417,414,421,423,426,429,430,429
157,08,029,19850,00000,00000,1,A,Delta city,Colorado,8915,8893,8865,8742,8806,8809,8653,8680,8773,8813,8890,8957,9036,9030
157,08,029,37545,00000,00000,1,A,Hotchkiss town,Colorado,944,918,915,900,900,900,885,881,893,900,908,918,929,928
157,08,029,55980,00000,00000,1,A,Orchard City town,Colorado,3119,3133,3125,3082,3088,3090,3044,3031,3087,3117,3175,3205,3242,3242
157,08,029,57300,00000,00000,1,A,Paonia town,Colorado,1451,1462,1459,1437,1435,1432,1404,1394,1413,1421,1459,1465,1475,1474
157,08,029,99990,00000,00000,1,F,Balance of Delta County,Colorado,13839,13865,13819,13602,13613,13479,13394,13353,13559,13621,13723,13764,13680,13651
050,08,031,00000,00000,00000,0,C,Denver County,Colorado,600158,599454,603012,620250,634965,649270,664540,683328,696273,704869,716340,725508,733428,735538
157,08,031,20000,00000,00000,1,A,Denver city,Colorado,600158,599454,603012,620250,634965,649270,664540,683328,696273,704869,716340,725508,733428,735538
050,08,033,00000,00000,00000,0,A,Dolores County,Colorado,2064,2064,2069,2044,2009,2033,1976,1980,2055,2044,2056,2042,2088,2096
157,08,033,21265,00000,00000,1,A,Dove Creek town,Colorado,735,724,726,717,705,715,695,697,725,723,714,700,713,715
157,08,033,64090,00000,00000,1,A,Rico town,Colorado,265,265,266,262,258,261,254,253,262,260,257,252,260,262
157,08,033,99990,00000,00000,1,F,Balance of Dolores County,Colorado,1064,1075,1077,1065,1046,1057,1027,1030,1068,1061,1085,1090,1115,1119
050,08,035,00000,00000,00000,0,A,Douglas County,Colorado,285465,285480,287011,292626,298826,306407,314783,322333,328680,336347,343780,351842,358691,360750
157,08,035,04000,00000,00000,1,A,Aurora city (pt.),Colorado,117,114,129,202,256,318,481,622,657,1035,1500,2072,2078,2078
157,08,035,12387,00000,00000,1,A,Castle Pines city,Colorado,A,10333,10368,10530,10675,10761,10829,10883,10782,10779,10765,10927,11486,11664
157,08,035,12415,00000,00000,1,A,Castle Rock town,Colorado,48231,48238,48793,50095,51592,53506,55999,58569,60194,62318,65005,67738,69893,70567
157,08,035,43550,00000,00000,1,A,Larkspur town,Colorado,183,183,184,190,192,193,194,195,191,191,195,196,201,203
157,08,035,45255,00000,00000,1,A,Littleton city (pt.),Colorado,28,43,43,45,44,44,46,47,48,49,49,49,50,50
157,08,035,45955,00000,00000,1,A,Lone Tree city,Colorado,10218,10235,10279,10558,10898,11475,12613,12857,12852,13413,13528,13482,13588,13614
157,08,035,57630,00000,00000,1,A,Parker town,Colorado,45297,45352,45550,46387,47481,48795,49940,50940,52121,53652,55099,57309,58359,58673
157,08,035,99990,00000,00000,1,F,Balance of Douglas County,Colorado,171031,170982,171665,174619,177688,181315,184681,188220,191835,194910,197639,200069,203036,203901
050,08,037,00000,00000,00000,0,A,Eagle County,Colorado,52197,52200,52098,52048,52330,52814,53276,53863,54578,55022,55087,55183,55036,54929
157,08,037,04110,00000,00000,1,A,Avon town,Colorado,6447,6399,6386,6375,6416,6491,6543,6597,6676,6695,6606,6632,6880,6952
157,08,037,04935,00000,00000,1,A,Basalt town (pt.),Colorado,2926,2860,2856,2853,2868,2891,2916,2939,2976,3092,3147,3229,3194,3180
157,08,037,22200,00000,00000,1,A,Eagle town,Colorado,6508,6513,6499,6493,6529,6587,6660,6743,6857,6878,6902,6930,6920,6911
157,08,037,33695,00000,00000,1,A,Gypsum town,Colorado,6477,6501,6487,6481,6517,6576,6630,6688,6772,6882,7096,7148,7272,7304
157,08,037,50920,00000,00000,1,A,Minturn town,Colorado,1027,1083,1085,1089,1099,1111,1122,1134,1156,1169,1168,1175,1156,1147
157,08,037,63265,00000,00000,1,A,Red Cliff town,Colorado,267,272,273,273,273,275,281,285,289,288,293,291,298,300
157,08,037,80040,00000,00000,1,A,Vail town,Colorado,5305,5325,5314,5311,5339,5397,5444,5585,5672,5696,5634,5614,5524,5489
157,08,037,99990,00000,00000,1,F,Balance of Eagle County,Colorado,23240,23247,23198,23173,23289,23486,23680,23892,24180,24322,24241,24164,23792,23646
050,08,039,00000,00000,00000,0,A,Elbert County,Colorado,23086,23084,23137,23175,23276,23543,24035,24634,25130,25735,26267,26707,27187,27313
157,08,039,23740,00000,00000,1,A,Elizabeth town,Colorado,1358,1362,1365,1367,1373,1389,1418,1459,1491,1529,1534,1667,1820,1867
157,08,039,40790,00000,00000,1,A,Kiowa town,Colorado,723,719,721,722,723,730,747,762,779,797,799,818,824,826
157,08,039,70635,00000,00000,1,A,Simla town,Colorado,618,613,614,615,620,627,640,657,672,687,691,687,690,690
157,08,039,99990,00000,00000,1,F,Balance of Elbert County,Colorado,20387,20390,20437,20471,20560,20797,21230,21756,22188,22722,23243,23535,23853,23930
050,08,041,00000,00000,00000,0,A,El Paso County,Colorado,622263,622256,627088,637376,645900,655178,662968,674094,688671,700838,712746,721929,727064,728310
157,08,041,11260,00000,00000,1,A,Calhan town,Colorado,780,780,785,797,805,809,810,814,826,832,839,831,829,827
157,08,041,16000,00000,00000,1,A,Colorado Springs city,Colorado,416427,417450,420726,427587,433060,438540,442628,449963,459213,465920,473175,478035,481280,482131
157,08,041,27865,00000,00000,1,A,Fountain city,Colorado,25846,25899,26106,26593,26967,27809,28249,28735,29315,29766,30410,30714,30965,31017
157,08,041,32650,00000,00000,1,A,Green Mountain Falls town (pt.),Colorado,612,619,624,635,639,646,649,652,666,670,684,692,697,698
157,08,041,48445,00000,00000,1,A,Manitou Springs city,Colorado,4992,4965,5004,5097,5181,5208,5194,5225,5274,5307,5336,5399,5450,5461
157,08,041,51800,00000,00000,1,A,Monument town,Colorado,5530,6035,6085,6268,6372,6471,6553,6675,6825,7400,8025,8089,8142,8152
157,08,041,57025,00000,00000,1,A,Palmer Lake town,Colorado,2420,2523,2542,2591,2636,2679,2712,2766,2833,2900,2971,3004,3031,3037
157,08,041,62660,00000,00000,1,A,Ramah town,Colorado,123,123,124,125,126,127,127,127,128,131,130,132,132,131
157,08,041,99990,00000,00000,1,S,Balance of El Paso County,Colorado,165533,163862,165092,167683,170114,172889,176046,179137,183591,187912,191176,195033,196538,196856
050,08,043,00000,00000,00000,0,A,Fremont County,Colorado,46824,46825,46834,47393,47072,46360,46185,46327,47047,47633,48070,48009,47921,47867
157,08,043,09115,00000,00000,1,A,Brookside town,Colorado,233,232,232,233,239,238,239,242,248,254,257,261,262,261
157,08,043,11810,00000,00000,1,A,Cañon City city,Colorado,16400,16410,16378,16315,16265,16025,15985,16010,16183,16259,16445,16470,16549,16536
157,08,043,15330,00000,00000,1,A,Coal Creek town,Colorado,343,345,344,343,342,336,334,334,339,341,344,348,350,350
157,08,043,27040,00000,00000,1,A,Florence city,Colorado,3881,3878,3871,3860,3851,3796,3793,3808,3867,3902,3936,3945,3977,3982
157,08,043,64970,00000,00000,1,A,Rockvale town,Colorado,487,491,490,488,487,485,484,485,489,492,494,495,502,504
157,08,043,85155,00000,00000,1,A,Williamsburg town,Colorado,662,659,657,655,653,643,641,643,651,664,677,675,680,682
157,08,043,99990,00000,00000,1,F,Balance of Fremont County,Colorado,24818,24810,24862,25499,25235,24837,24709,24805,25270,25721,25917,25815,25601,25552
050,08,045,00000,00000,00000,0,A,Garfield County,Colorado,56389,56373,56072,56049,56765,56945,57174,57724,58839,59065,59722,60031,60329,60366
157,08,045,12030,00000,00000,1,A,Carbonate town,Colorado,A,0,0,0,0,0,0,0,0,0,0,0,0,0
157,08,045,12045,00000,00000,1,A,Carbondale town,Colorado,6427,6453,6419,6398,6468,6486,6479,6521,6618,6610,6679,6684,6722,6729
157,08,045,30780,00000,00000,1,A,Glenwood Springs city,Colorado,9614,9557,9506,9500,9607,9645,9775,9836,9995,9993,10025,10032,10183,10222
157,08,045,53395,00000,00000,1,A,New Castle town,Colorado,4518,4517,4492,4480,4531,4542,4539,4573,4687,4768,4979,4984,4973,4962
157,08,045,57400,00000,00000,1,A,Parachute town,Colorado,1085,1080,1074,1071,1086,1088,1087,1095,1112,1109,1115,1120,1117,1114
157,08,045,64255,00000,00000,1,A,Rifle city,Colorado,9172,9394,9344,9332,9461,9499,9504,9570,9742,9748,9797,9811,9793,9775
157,08,045,70195,00000,00000,1,A,Silt town,Colorado,2930,2933,2917,2909,2940,2947,2942,2976,3039,3034,3064,3106,3112,3109
157,08,045,99990,00000,00000,1,F,Balance of Garfield County,Colorado,22643,22439,22320,22359,22672,22738,22848,23153,23646,23803,24063,24294,24429,24455
050,08,047,00000,00000,00000,0,A,Gilpin County,Colorado,5441,5449,5471,5429,5432,5535,5754,5813,5920,6024,6131,6232,6244,6235
157,08,047,07025,00000,00000,1,A,Black Hawk city,Colorado,118,118,118,118,118,120,125,126,128,129,131,132,132,131
157,08,047,12910,00000,00000,1,A,Central City city (pt.),Colorado,663,660,663,657,658,669,696,703,716,719,727,736,732,730
157,08,047,99990,00000,00000,1,F,Balance of Gilpin County,Colorado,4660,4671,4690,4654,4656,4746,4933,4984,5076,5176,5273,5364,5380,5374
050,08,049,00000,00000,00000,0,A,Grand County,Colorado,14843,14843,14795,14564,14227,14320,14569,14742,15198,15385,15556,15748,15804,15794
157,08,049,28305,00000,00000,1,A,Fraser town,Colorado,1224,1223,1218,1200,1165,1171,1195,1214,1258,1283,1308,1335,1347,1348
157,08,049,31605,00000,00000,1,A,Granby town,Colorado,1864,1856,1854,1840,1886,1917,1944,1982,2052,2091,2113,2156,2172,2174
157,08,049,31715,00000,00000,1,A,Grand Lake town,Colorado,471,469,468,460,445,446,453,457,471,474,479,478,477,476
157,08,049,37600,00000,00000,1,A,Hot Sulphur Springs town,Colorado,663,679,677,665,644,644,655,656,671,676,675,677,678,678
157,08,049,41560,00000,00000,1,A,Kremmling town,Colorado,1444,1444,1439,1422,1383,1388,1415,1439,1481,1500,1508,1517,1524,1523
157,08,049,85705,00000,00000,1,A,Winter Park town,Colorado,999,1019,1016,998,966,970,986,997,1034,1054,1074,1096,1105,1106
157,08,049,99990,00000,00000,1,F,Balance of Grand County,Colorado,8178,8153,8123,7979,7738,7784,7921,7997,8231,8307,8399,8489,8501,8489
050,08,051,00000,00000,00000,0,A,Gunnison County,Colorado,15324,15324,15290,15267,15390,15597,15786,16125,16447,16896,17177,17480,17567,17593
157,08,051,18310,00000,00000,1,A,Crested Butte town,Colorado,1487,1494,1490,1493,1494,1497,1515,1547,1574,1601,1630,1654,1676,1682
157,08,051,33640,00000,00000,1,A,Gunnison city,Colorado,5854,5842,5835,5782,5899,6081,6153,6278,6430,6585,6669,6768,6820,6840
157,08,051,48555,00000,00000,1,A,Marble town,Colorado,131,120,120,120,120,120,123,126,128,133,136,139,139,140
157,08,051,52570,00000,00000,1,A,Mount Crested Butte town,Colorado,801,816,813,816,817,820,831,854,869,886,889,898,894,893
157,08,051,59830,00000,00000,1,A,Pitkin town,Colorado,66,64,64,65,65,66,67,68,69,71,71,71,71,70
157,08,051,99990,00000,00000,1,F,Balance of Gunnison County,Colorado,6985,6988,6968,6991,6995,7013,7097,7252,7377,7620,7782,7950,7967,7968
050,08,053,00000,00000,00000,0,A,Hinsdale County,Colorado,843,843,844,825,802,803,772,762,783,788,786,789,801,808
157,08,053,42330,00000,00000,1,A,Lake City town,Colorado,408,410,411,401,387,387,370,364,375,377,377,378,384,388
157,08,053,99990,00000,00000,1,S,Balance of Hinsdale County,Colorado,435,433,433,424,415,416,402,398,408,411,409,411,417,420
050,08,055,00000,00000,00000,0,A,Huerfano County,Colorado,6711,6712,6681,6527,6567,6465,6399,6408,6583,6632,6877,6868,6899,6883
157,08,055,44100,00000,00000,1,A,La Veta town,Colorado,800,800,797,774,776,763,756,757,777,780,815,811,812,809
157,08,055,82350,00000,00000,1,A,Walsenburg city,Colorado,3068,3064,3046,2961,2964,2907,2873,2869,2935,2943,3035,3013,3014,3003
157,08,055,99990,00000,00000,1,F,Balance of Huerfano County,Colorado,2843,2848,2838,2792,2827,2795,2770,2782,2871,2909,3027,3044,3073,3071
050,08,057,00000,00000,00000,0,A,Jackson County,Colorado,1394,1393,1388,1357,1325,1338,1385,1352,1356,1376,1403,1397,1390,1389
157,08,057,82130,00000,00000,1,A,Walden town,Colorado,608,608,606,594,580,584,605,591,594,605,614,613,609,609
157,08,057,99990,00000,00000,1,F,Balance of Jackson County,Colorado,786,785,782,763,745,754,780,761,762,771,789,784,781,780
050,08,059,00000,00000,00000,0,A,Jefferson County,Colorado,534543,534832,535567,540582,546736,552242,559099,565240,571823,576041,580027,582800,583411,583283
157,08,059,03455,00000,00000,1,A,Arvada city (pt.),Colorado,103584,103909,104082,105182,106576,108074,110043,112222,113732,116080,117919,118927,118907,118822
157,08,059,08070,00000,00000,1,A,Bow Mar town (pt.),Colorado,277,255,255,257,259,264,270,274,282,282,282,282,281,280
157,08,059,23135,00000,00000,1,A,Edgewater city,Colorado,5170,5169,5174,5205,5252,5286,5332,5368,5401,5395,5420,5429,5404,5393
157,08,059,30835,00000,00000,1,A,Golden city,Colorado,18867,18890,18907,19268,19326,19442,19714,19902,20096,20681,20455,20434,20379,20347
157,08,059,42495,00000,00000,1,A,Lakeside town,Colorado,8,8,8,8,8,8,8,8,8,8,8,8,8,8
157,08,059,43000,00000,00000,1,A,Lakewood city,Colorado,142980,142592,142769,144110,145727,147132,149287,151013,153851,155020,155912,156459,157269,157429
157,08,059,45255,00000,00000,1,A,Littleton city (pt.),Colorado,2381,2381,2392,2440,2464,2481,2508,2582,2633,2725,2737,2752,2746,2744
157,08,059,52075,00000,00000,1,A,Morrison town,Colorado,428,418,418,420,423,425,427,431,433,431,431,432,431,430
157,08,059,52350,00000,00000,1,A,Mountain View town,Colorado,507,507,507,511,516,523,530,539,543,548,549,551,550,549
157,08,059,75640,00000,00000,1,A,Superior town (pt.),Colorado,0,0,0,0,0,0,0,0,0,0,0,0,0,0
157,08,059,83835,00000,00000,1,A,Westminster city (pt.),Colorado,42418,42412,42457,42759,43221,43718,44127,44451,44731,44874,45056,45203,45256,45244
157,08,059,84440,00000,00000,1,A,Wheat Ridge city,Colorado,30166,30179,30207,30396,30677,30902,31202,31486,31829,31867,31939,31971,31902,31857
157,08,059,99990,00000,00000,1,F,Balance of Jefferson County,Colorado,187757,188112,188391,190026,192287,193987,195651,196964,198284,198130,199319,200352,200278,200180
050,08,061,00000,00000,00000,0,A,Kiowa County,Colorado,1398,1398,1404,1432,1410,1393,1382,1386,1346,1368,1385,1417,1445,1458
157,08,061,22145,00000,00000,1,A,Eads town,Colorado,609,609,612,623,613,605,601,603,586,596,603,617,627,632
157,08,061,34740,00000,00000,1,A,Haswell town,Colorado,68,68,68,71,70,69,69,69,67,68,68,70,73,74
157,08,061,69700,00000,00000,1,A,Sheridan Lake town,Colorado,88,83,83,85,85,85,84,84,81,82,84,86,87,88
157,08,061,99990,00000,00000,1,F,Balance of Kiowa County,Colorado,633,638,641,653,642,634,628,630,612,622,630,644,658,664
050,08,063,00000,00000,00000,0,A,Kit Carson County,Colorado,8270,8278,8271,8183,8088,8259,8028,8223,7632,7149,7166,7161,7130,7121
157,08,063,06530,00000,00000,1,A,Bethune town,Colorado,237,237,237,240,239,236,237,235,234,234,238,237,236,235
157,08,063,10600,00000,00000,1,A,Burlington city,Colorado,4254,4254,4251,4105,4026,4238,3965,4175,3606,3153,3155,3148,3130,3126
157,08,063,26765,00000,00000,1,A,Flagler town,Colorado,561,571,570,578,576,570,570,567,563,560,562,566,566,567
157,08,063,69040,00000,00000,1,A,Seibert town,Colorado,181,181,181,183,183,181,217,219,218,216,216,216,215,214
157,08,063,74485,00000,00000,1,A,Stratton town,Colorado,658,659,658,668,664,657,658,654,650,644,645,644,641,640
157,08,063,81690,00000,00000,1,A,Vona town,Colorado,106,106,106,107,107,106,106,107,106,105,106,107,106,106
157,08,063,99990,00000,00000,1,F,Balance of Kit Carson County,Colorado,2273,2270,2268,2302,2293,2271,2275,2266,2255,2237,2244,2243,2236,2233
050,08,065,00000,00000,00000,0,A,Lake County,Colorado,7310,7310,7263,7344,7259,7276,7333,7455,7591,7769,7807,8072,8006,7987
157,08,065,44320,00000,00000,1,A,Leadville city,Colorado,2602,2570,2554,2575,2539,2531,2553,2603,2644,2715,2716,2803,2779,2773
157,08,065,99990,00000,00000,1,F,Balance of Lake County,Colorado,4708,4740,4709,4769,4720,4745,4780,4852,4947,5054,5091,5269,5227,5214
050,08,067,00000,00000,00000,0,A,La Plata County,Colorado,51334,51335,51416,51886,52489,53432,53941,54776,55459,55717,56511,56440,56551,56564
157,08,067,05265,00000,00000,1,A,Bayfield town,Colorado,2333,2316,2319,2334,2352,2390,2437,2485,2530,2526,2570,2580,2586,2586
157,08,067,22035,00000,00000,1,A,Durango city,Colorado,16887,16868,16893,17131,17480,18010,18198,18614,18964,19257,19600,19571,19674,19690
157,08,067,38535,00000,00000,1,A,Ignacio town,Colorado,697,858,862,872,882,895,914,927,943,952,958,962,964,963
157,08,067,99990,00000,00000,1,F,Balance of La Plata County,Colorado,31417,31293,31342,31549,31775,32137,32392,32750,33022,32982,33383,33327,33327,33325
050,08,069,00000,00000,00000,0,A,Larimer County,Colorado,299630,299628,300453,305320,310983,316426,324272,333637,339394,344509,351045,357241,359793,360428
157,08,069,06255,00000,00000,1,A,Berthoud town (pt.),Colorado,5042,5135,5152,5245,5339,5470,5883,6146,6406,7086,8165,9458,10373,10668
157,08,069,25115,00000,00000,1,A,Estes Park town,Colorado,5858,5933,5944,6024,6078,6112,6207,6322,6384,6520,6550,6558,6557,6553
157,08,069,27425,00000,00000,1,A,Fort Collins city,Colorado,143986,144861,145123,147351,149574,151769,156015,160960,162729,164580,166401,168057,168249,168234
157,08,069,39855,00000,00000,1,A,Johnstown town (pt.),Colorado,537,521,522,529,534,1614,1640,1668,1673,1677,1877,1936,1942,1941
157,08,069,46465,00000,00000,1,A,Loveland city,Colorado,66859,67005,67257,68512,71006,72395,74285,76638,79177,80890,82147,83168,83471,83517
157,08,069,77510,00000,00000,1,A,Timnath town (pt.),Colorado,625,645,690,779,786,917,931,949,951,954,1689,2790,3079,3172
157,08,069,83230,00000,00000,1,A,Wellington town,Colorado,6289,6389,6401,6496,6648,6745,6850,6971,7674,8074,8755,9155,9508,9620
157,08,069,85485,00000,00000,1,A,Windsor town (pt.),Colorado,4574,4557,4610,4733,4777,4800,4877,4968,4977,4991,5315,5713,6148,6285
157,08,069,99990,00000,00000,1,F,Balance of Larimer County,Colorado,65860,64582,64754,65651,66241,66604,67584,69015,69423,69737,70146,70406,70466,70438
050,08,071,00000,00000,00000,0,A,Las Animas County,Colorado,15507,15506,15422,15054,14996,14404,14054,14048,14085,14237,14460,14415,14415,14420
157,08,071,00760,00000,00000,1,A,Aguilar town,Colorado,538,536,533,516,512,484,469,469,470,475,483,480,480,479
157,08,071,08345,00000,00000,1,A,Branson town,Colorado,74,74,73,71,72,68,67,67,67,68,69,70,72,72
157,08,071,15550,00000,00000,1,A,Cokedale town,Colorado,129,129,128,125,125,119,116,116,116,117,119,119,121,121
157,08,071,40570,00000,00000,1,A,Kim town,Colorado,74,74,73,71,72,68,66,66,67,68,69,70,70,70
157,08,071,73715,00000,00000,1,A,Starkville town,Colorado,59,59,59,57,56,53,52,51,52,54,54,54,55,55
157,08,071,78610,00000,00000,1,A,Trinidad city,Colorado,9096,9064,9011,8741,8671,8226,7951,7940,7952,8033,8162,8098,8124,8127
157,08,071,99990,00000,00000,1,F,Balance of Las Animas County,Colorado,5537,5570,5545,5473,5488,5386,5333,5339,5361,5422,5504,5524,5493,5496
050,08,073,00000,00000,00000,0,A,Lincoln County,Colorado,5467,5469,5471,5420,5441,5435,5503,5545,5546,5526,5595,5694,5694,5680
157,08,073,03235,00000,00000,1,A,Arriba town,Colorado,193,193,193,192,193,193,196,197,202,202,203,206,207,206
157,08,073,29680,00000,00000,1,A,Genoa town,Colorado,139,139,139,138,138,139,140,143,144,145,146,148,148,147
157,08,073,37875,00000,00000,1,A,Hugo town,Colorado,730,730,730,727,724,723,731,737,743,743,748,776,783,782
157,08,073,44980,00000,00000,1,A,Limon town,Colorado,1880,1882,1883,1873,1868,1862,1889,1913,1937,1922,1919,1948,1951,1945
157,08,073,99990,00000,00000,1,F,Balance of Lincoln County,Colorado,2525,2525,2526,2490,2518,2518,2547,2555,2520,2514,2579,2616,2605,2600
050,08,075,00000,00000,00000,0,A,Logan County,Colorado,22709,22709,22749,22577,22360,22182,22446,22484,22427,22314,22286,22409,22094,21974
157,08,075,18640,00000,00000,1,A,Crook town,Colorado,110,110,110,109,109,108,109,109,109,108,109,111,111,110
157,08,075,26875,00000,00000,1,A,Fleming town,Colorado,408,405,406,403,402,401,403,408,407,408,405,407,408,405
157,08,075,38590,00000,00000,1,A,Iliff town,Colorado,266,266,266,265,266,264,270,271,269,269,270,271,273,272
157,08,075,50040,00000,00000,1,A,Merino town,Colorado,284,286,287,287,286,284,286,287,284,283,282,283,283,281
157,08,075,58235,00000,00000,1,A,Peetz town,Colorado,238,241,241,240,239,238,239,239,240,239,238,239,239,237
157,08,075,73935,00000,00000,1,A,Sterling city,Colorado,14777,14799,14828,14705,14510,14388,14594,14581,14549,14472,14465,14518,14154,14078
157,08,075,99990,00000,00000,1,F,Balance of Logan County,Colorado,6626,6602,6611,6568,6548,6499,6545,6589,6569,6535,6517,6580,6626,6591
050,08,077,00000,00000,00000,0,A,Mesa County,Colorado,146723,146736,146266,147205,147360,147249,147215,148159,149882,151435,153339,154552,155396,155603
157,08,077,15605,00000,00000,1,A,Collbran town,Colorado,708,692,690,696,698,697,697,699,707,716,719,723,726,727
157,08,077,19355,00000,00000,1,A,De Beque town,Colorado,504,504,502,509,510,511,511,515,523,528,535,542,545,546
157,08,077,28745,00000,00000,1,A,Fruita city,Colorado,12646,12724,12701,12919,13038,13155,13341,13511,13739,13960,14092,14205,14277,14295
157,08,077,31660,00000,00000,1,A,Grand Junction city,Colorado,58566,59034,58842,59330,59442,59455,59200,59750,60485,61476,62669,63080,63377,63447
157,08,077,56970,00000,00000,1,A,Palisade town,Colorado,2692,2663,2654,2676,2689,2705,2723,2740,2774,2785,2786,2781,2793,2797
157,08,077,99990,00000,00000,1,F,Balance of Mesa County,Colorado,71607,71119,70877,71075,70983,70726,70743,70944,71654,71970,72538,73221,73678,73791
050,08,079,00000,00000,00000,0,A,Mineral County,Colorado,712,712,704,711,719,732,703,742,756,753,774,756,775,773
157,08,079,14765,00000,00000,1,A,City of Creede town,Colorado,290,290,286,288,290,297,286,303,309,307,316,309,316,315
157,08,079,99990,00000,00000,1,F,Balance of Mineral County,Colorado,422,422,418,423,429,435,417,439,447,446,458,447,459,458
050,08,081,00000,00000,00000,0,A,Moffat County,Colorado,13795,13791,13795,13424,13172,13129,12941,12946,13155,13095,13148,13209,13153,13144
157,08,081,17760,00000,00000,1,A,Craig city,Colorado,9464,9456,9459,9204,9031,9001,8873,8877,9018,8974,8997,9016,8963,8953
157,08,081,20495,00000,00000,1,A,Dinosaur town,Colorado,339,339,339,330,326,325,321,321,328,332,334,337,334,334
157,08,081,99990,00000,00000,1,F,Balance of Moffat County,Colorado,3992,3996,3997,3890,3815,3803,3747,3748,3809,3789,3817,3856,3856,3857
050,08,083,00000,00000,00000,0,A,Montezuma County,Colorado,25535,25541,25576,25489,25497,25575,25551,25763,26063,26187,26303,26369,26404,26408
157,08,083,17375,00000,00000,1,A,Cortez city,Colorado,8482,8471,8483,8457,8463,8492,8485,8576,8689,8722,8764,8754,8741,8734
157,08,083,20770,00000,00000,1,A,Dolores town,Colorado,936,928,929,926,925,928,928,936,950,951,955,959,962,964
157,08,083,48115,00000,00000,1,A,Mancos town,Colorado,1336,1339,1341,1339,1340,1346,1353,1365,1384,1386,1395,1397,1399,1398
157,08,083,99990,00000,00000,1,F,Balance of Montezuma County,Colorado,14781,14803,14823,14767,14769,14809,14785,14886,15040,15128,15189,15259,15302,15312
050,08,085,00000,00000,00000,0,A,Montrose County,Colorado,41276,41272,41182,40980,40675,40584,40622,40609,41183,41795,42309,42791,43191,43322
157,08,085,51745,00000,00000,1,A,Montrose city,Colorado,19132,19097,19110,18990,18853,18773,18753,18718,18946,19173,19377,19606,19828,19902
157,08,085,53120,00000,00000,1,A,Naturita town,Colorado,546,537,534,528,524,521,520,516,521,525,524,525,526,526
157,08,085,54935,00000,00000,1,A,Nucla town,Colorado,711,712,709,701,696,693,690,686,690,692,692,689,688,688
157,08,085,55540,00000,00000,1,A,Olathe town,Colorado,1849,1868,1860,1839,1821,1809,1802,1793,1804,1815,1834,1824,1825,1824
157,08,085,99990,00000,00000,1,F,Balance of Montrose County,Colorado,19038,19058,18969,18922,18781,18788,18857,18896,19222,19590,19882,20147,20324,20382
050,08,087,00000,00000,00000,0,A,Morgan County,Colorado,28159,28159,28243,28450,28243,28217,28098,28245,28178,28275,28754,28938,28946,28941
157,08,087,09555,00000,00000,1,A,Brush city,Colorado,5463,5465,5479,5511,5461,5435,5396,5407,5380,5383,5426,5428,5438,5438
157,08,087,27810,00000,00000,1,A,Fort Morgan city,Colorado,11315,11372,11402,11491,11400,11355,11272,11303,11254,11266,11369,11401,11288,11249
157,08,087,36610,00000,00000,1,A,Hillrose town,Colorado,264,256,257,259,256,255,255,256,257,255,259,262,259,258
157,08,087,45695,00000,00000,1,A,Log Lane Village town,Colorado,873,817,819,827,825,823,822,827,830,836,849,855,851,848
157,08,087,84770,00000,00000,1,A,Wiggins town,Colorado,893,886,888,894,886,913,906,908,904,902,1015,1015,1117,1152
157,08,087,99990,00000,00000,1,F,Balance of Morgan County,Colorado,9351,9363,9398,9468,9415,9436,9447,9544,9553,9633,9836,9977,9993,9996
050,08,089,00000,00000,00000,0,A,Otero County,Colorado,18831,18833,18857,18837,18631,18449,18334,18182,18279,18344,18354,18243,18212,18201
157,08,089,13460,00000,00000,1,A,Cheraw town,Colorado,252,254,254,254,251,249,248,246,246,247,248,246,245,245
157,08,089,27975,00000,00000,1,A,Fowler town,Colorado,1182,1189,1190,1190,1175,1165,1158,1150,1149,1154,1156,1148,1150,1149
157,08,089,42110,00000,00000,1,A,La Junta city,Colorado,7077,7078,7087,7081,7008,6941,6900,6834,6924,6947,6932,6877,6859,6854
157,08,089,48500,00000,00000,1,A,Manzanola town,Colorado,434,431,432,431,424,422,420,417,415,417,416,411,410,410
157,08,089,65190,00000,00000,1,A,Rocky Ford city,Colorado,3957,3960,3965,3961,3917,3878,3852,3823,3827,3840,3846,3822,3809,3806
157,08,089,75970,00000,00000,1,A,Swink town,Colorado,617,617,618,617,611,603,599,595,596,598,599,595,596,595
157,08,089,99990,00000,00000,1,F,Balance of Otero County,Colorado,5312,5304,5311,5303,5245,5191,5157,5117,5122,5141,5157,5144,5143,5142
050,08,091,00000,00000,00000,0,A,Ouray County,Colorado,4436,4442,4457,4424,4508,4554,4576,4611,4794,4815,4834,5005,4995,5001
157,08,091,56420,00000,00000,1,A,Ouray city,Colorado,1000,1002,1006,994,1009,1012,1001,993,1026,1028,1024,1050,1046,1046
157,08,091,64200,00000,00000,1,A,Ridgway town,Colorado,924,889,891,883,896,905,907,911,953,959,975,1036,1037,1039
157,08,091,99990,00000,00000,1,F,Balance of Ouray County,Colorado,2512,2551,2560,2547,2603,2637,2668,2707,2815,2828,2835,2919,2912,2916
050,08,093,00000,00000,00000,0,A,Park County,Colorado,16206,16199,16278,16060,16052,16190,16392,16739,17372,17935,18583,18881,18915,18955
157,08,093,01530,00000,00000,1,A,Alma town,Colorado,270,274,275,275,276,280,285,293,305,317,327,330,329,329
157,08,093,25610,00000,00000,1,A,Fairplay town,Colorado,679,696,700,690,688,695,704,719,747,771,800,809,804,803
157,08,093,99990,00000,00000,1,F,Balance of Park County,Colorado,15257,15229,15303,15095,15088,15215,15403,15727,16320,16847,17456,17742,17782,17823
050,08,095,00000,00000,00000,0,A,Phillips County,Colorado,4442,4442,4471,4402,4417,4384,4394,4328,4307,4339,4343,4359,4369,4367
157,08,095,34960,00000,00000,1,A,Haxtun town,Colorado,946,946,952,940,944,937,941,930,926,935,933,935,938,937
157,08,095,37270,00000,00000,1,A,Holyoke city,Colorado,2313,2317,2331,2291,2298,2273,2271,2231,2212,2227,2227,2232,2239,2239
157,08,095,57245,00000,00000,1,A,Paoli town,Colorado,34,34,34,34,34,34,33,33,34,34,36,35,35,35
157,08,095,99990,00000,00000,1,F,Balance of Phillips County,Colorado,1149,1145,1154,1137,1141,1140,1149,1134,1135,1143,1147,1157,1157,1156
050,08,097,00000,00000,00000,0,A,Pitkin County,Colorado,17148,17145,17156,17177,17303,17474,17730,17962,18009,18027,18066,17902,17889,17894
157,08,097,03620,00000,00000,1,A,Aspen city,Colorado,6658,6795,6800,6814,6875,6950,7104,7455,7734,7756,7776,7694,7663,7657
157,08,097,04935,00000,00000,1,A,Basalt town (pt.),Colorado,931,920,920,922,926,935,944,936,917,917,914,963,992,1003
157,08,097,71755,00000,00000,1,A,Snowmass Village town,Colorado,2826,2816,2818,2819,2838,2864,2892,2865,2805,2805,2806,2760,2760,2760
157,08,097,99990,00000,00000,1,F,Balance of Pitkin County,Colorado,6733,6614,6618,6622,6664,6725,6790,6706,6553,6549,6570,6485,6474,6474
050,08,099,00000,00000,00000,0,A,Prowers County,Colorado,12551,12551,12546,12500,12422,12319,12064,11937,11937,11990,12038,12106,12091,12106
157,08,099,31550,00000,00000,1,A,Granada town,Colorado,517,517,517,517,513,508,500,495,496,499,504,509,508,509
157,08,099,34520,00000,00000,1,A,Hartman town,Colorado,81,76,76,76,75,76,74,74,74,76,76,77,77,76
157,08,099,37215,00000,00000,1,A,Holly town,Colorado,802,794,793,791,787,785,769,761,763,765,771,775,774,775
157,08,099,43110,00000,00000,1,A,Lamar city,Colorado,7804,7943,7940,7910,7858,7790,7630,7551,7551,7580,7599,7638,7631,7641
157,08,099,85045,00000,00000,1,A,Wiley town,Colorado,405,405,405,403,403,399,390,386,386,390,393,395,394,395
157,08,099,99990,00000,00000,1,F,Balance of Prowers County,Colorado,2942,2816,2815,2803,2786,2761,2701,2670,2667,2680,2695,2712,2707,2710
050,08,101,00000,00000,00000,0,A,Pueblo County,Colorado,159063,159066,159401,160208,160763,161096,161434,163101,164883,166370,167574,168409,169551,169823
157,08,101,07795,00000,00000,1,A,Boone town,Colorado,339,346,346,349,349,351,350,355,360,364,366,369,373,373
157,08,101,62000,00000,00000,1,A,Pueblo city,Colorado,106595,106539,106743,107256,107627,107746,107958,109114,110423,111519,112076,112126,112628,112751
157,08,101,66895,00000,00000,1,A,Rye town,Colorado,153,156,156,156,157,242,243,244,247,248,250,251,252,253
157,08,101,99990,00000,00000,1,F,Balance of Pueblo County,Colorado,51976,52025,52156,52447,52630,52757,52883,53388,53853,54239,54882,55663,56298,56446
050,08,103,00000,00000,00000,0,A,Rio Blanco County,Colorado,6666,6673,6623,6751,6763,6699,6604,6487,6443,6362,6347,6350,6339,6342
157,08,103,49875,00000,00000,1,A,Meeker town,Colorado,2475,2472,2453,2512,2491,2453,2413,2361,2338,2337,2327,2328,2318,2318
157,08,103,62880,00000,00000,1,A,Rangely town,Colorado,2365,2368,2351,2376,2424,2421,2395,2361,2349,2299,2310,2307,2300,2300
157,08,103,99990,00000,00000,1,F,Balance of Rio Blanco County,Colorado,1826,1833,1819,1863,1848,1825,1796,1765,1756,1726,1710,1715,1721,1724
050,08,105,00000,00000,00000,0,A,Rio Grande County,Colorado,11982,11982,12022,11914,11867,11674,11505,11355,11354,11300,11274,11277,11280,11296
157,08,105,12855,00000,00000,1,A,Center town (pt.),Colorado,218,219,220,217,215,211,208,204,202,200,200,197,197,197
157,08,105,19795,00000,00000,1,A,Del Norte town,Colorado,1686,1677,1683,1661,1649,1615,1590,1561,1557,1543,1536,1538,1538,1541
157,08,105,51635,00000,00000,1,A,Monte Vista city,Colorado,4444,4439,4454,4394,4363,4278,4204,4131,4116,4083,4058,4059,4060,4067
157,08,105,72395,00000,00000,1,A,South Fork town,Colorado,386,455,456,452,451,443,437,430,430,428,425,425,425,425
157,08,105,99990,00000,00000,1,F,Balance of Rio Grande County,Colorado,5248,5192,5209,5190,5189,5127,5066,5029,5049,5046,5055,5058,5060,5066
050,08,107,00000,00000,00000,0,A,Routt County,Colorado,23509,23506,23434,23256,23283,23610,24085,24388,24737,25220,25489,25579,25549,25560
157,08,107,35070,00000,00000,1,A,Hayden town,Colorado,1810,1814,1809,1796,1800,1831,1871,1891,1916,1949,1966,1977,1976,1977
157,08,107,55155,00000,00000,1,A,Oak Creek town,Colorado,884,899,895,891,891,899,912,920,924,943,954,959,958,959
157,08,107,73825,00000,00000,1,A,Steamboat Springs city,Colorado,12088,12129,12093,12000,11991,12160,12408,12566,12755,12997,13136,13180,13164,13169
157,08,107,86475,00000,00000,1,A,Yampa town,Colorado,429,430,428,424,427,434,441,443,449,458,462,463,462,463
157,08,107,99990,00000,00000,1,F,Balance of Routt County,Colorado,8298,8234,8209,8145,8174,8286,8453,8568,8693,8873,8971,9000,8989,8992
050,08,109,00000,00000,00000,0,A,Saguache County,Colorado,6108,6108,6135,6187,6331,6240,6195,6250,6413,6632,6837,6829,6897,6938
157,08,109,07571,00000,00000,1,A,Bonanza town,Colorado,16,16,16,17,17,17,17,17,18,19,20,20,21,21
157,08,109,12855,00000,00000,1,A,Center town (pt.),Colorado,2012,2022,2031,2050,2100,2072,2059,2082,2140,2215,2242,2188,2184,2188
157,08,109,18420,00000,00000,1,A,Crestone town,Colorado,127,125,126,128,131,129,128,128,132,137,139,134,137,138
157,08,109,51250,00000,00000,1,A,Moffat town,Colorado,116,116,116,117,120,119,117,119,122,126,127,124,123,123
157,08,109,67005,00000,00000,1,A,Saguache town,Colorado,485,496,498,502,513,506,504,508,520,539,544,530,530,531
157,08,109,99990,00000,00000,1,F,Balance of Saguache County,Colorado,3352,3333,3348,3373,3450,3397,3370,3396,3481,3596,3765,3833,3902,3937
050,08,111,00000,00000,00000,0,A,San Juan County,Colorado,699,699,708,690,692,692,712,690,691,713,760,723,746,748
157,08,111,70580,00000,00000,1,A,Silverton town,Colorado,637,637,645,629,630,630,648,628,628,648,691,657,678,679
157,08,111,99990,00000,00000,1,F,Balance of San Juan County,Colorado,62,62,63,61,62,62,64,62,63,65,69,66,68,69
050,08,113,00000,00000,00000,0,A,San Miguel County,Colorado,7359,7359,7358,7491,7588,7632,7751,7850,8032,8049,8195,8169,8109,8105
157,08,113,52550,00000,00000,1,A,Mountain Village town,Colorado,1320,1317,1316,1347,1375,1384,1405,1431,1470,1475,1505,1487,1472,1470
157,08,113,54880,00000,00000,1,A,Norwood town,Colorado,518,518,520,529,535,538,552,565,579,587,603,601,597,598
157,08,113,55870,00000,00000,1,A,Ophir town,Colorado,159,163,163,166,168,169,171,173,177,179,188,190,190,190
157,08,113,68655,00000,00000,1,A,Sawpit town,Colorado,40,34,34,35,35,35,36,36,37,37,39,39,38,38
157,08,113,76795,00000,00000,1,A,Telluride town,Colorado,2325,2229,2228,2265,2290,2303,2336,2360,2411,2411,2447,2429,2415,2416
157,08,113,99990,00000,00000,1,F,Balance of San Miguel County,Colorado,2997,3098,3097,3149,3185,3203,3251,3285,3358,3360,3413,3423,3397,3393
050,08,115,00000,00000,00000,0,A,Sedgwick County,Colorado,2379,2382,2371,2371,2377,2338,2332,2373,2399,2314,2284,2274,2255,2260
157,08,115,39965,00000,00000,1,A,Julesburg town,Colorado,1225,1225,1219,1219,1222,1202,1200,1220,1233,1190,1173,1170,1159,1161
157,08,115,56475,00000,00000,1,A,Ovid town,Colorado,318,318,317,317,317,314,312,318,322,311,307,305,302,302
157,08,115,68930,00000,00000,1,A,Sedgwick town,Colorado,146,146,145,145,146,143,143,145,147,141,139,138,137,137
157,08,115,99990,00000,00000,1,F,Balance of Sedgwick County,Colorado,690,693,690,690,692,679,677,690,697,672,665,661,657,660
050,08,117,00000,00000,00000,0,A,Summit County,Colorado,27994,27994,28075,28048,28307,28741,29333,30064,30573,30848,30771,30851,30673,30631
157,08,117,07410,00000,00000,1,A,Blue River town,Colorado,849,849,851,851,862,874,887,905,926,939,933,939,931,928
157,08,117,08400,00000,00000,1,A,Breckenridge town,Colorado,4540,4541,4555,4551,4604,4684,4772,4904,4986,5017,5033,5040,4973,4954
157,08,117,20440,00000,00000,1,A,Dillon town,Colorado,904,903,905,903,909,922,935,956,972,983,975,985,971,967
157,08,117,28690,00000,00000,1,A,Frisco town,Colorado,2683,2692,2700,2699,2734,2769,2818,2904,2946,2955,2917,2930,2886,2874
157,08,117,51690,00000,00000,1,A,Montezuma town,Colorado,65,69,69,69,69,70,72,74,74,75,75,75,75,75
157,08,117,70525,00000,00000,1,A,Silverthorne town,Colorado,3887,3900,3914,3921,3970,4035,4227,4362,4424,4490,4573,4670,4846,4906
157,08,117,99990,00000,00000,1,F,Balance of Summit County,Colorado,15066,15040,15081,15054,15159,15387,15622,15959,16245,16389,16265,16212,15991,15927
050,08,119,00000,00000,00000,0,A,Teller County,Colorado,23350,23360,23474,23378,23456,23372,23458,23421,24098,24713,25158,25408,25460,25529
157,08,119,18530,00000,00000,1,A,Cripple Creek city,Colorado,1189,1226,1232,1223,1224,1216,1216,1201,1226,1255,1268,1271,1266,1266
157,08,119,32650,00000,00000,1,A,Green Mountain Falls town (pt.),Colorado,28,28,28,28,29,28,29,28,29,29,30,31,31,31
157,08,119,80865,00000,00000,1,A,Victor city,Colorado,397,412,413,411,414,412,413,407,415,424,427,429,426,426
157,08,119,86090,00000,00000,1,A,Woodland Park city,Colorado,7200,7145,7170,7123,7131,7095,7118,7266,7608,7850,8013,8116,8129,8151
157,08,119,99990,00000,00000,1,F,Balance of Teller County,Colorado,14536,14549,14631,14593,14658,14621,14682,14519,14820,15155,15420,15561,15608,15655
050,08,121,00000,00000,00000,0,A,Washington County,Colorado,4814,4798,4808,4750,4689,4731,4720,4775,4824,4909,4861,4869,4867,4875
157,08,121,00925,00000,00000,1,A,Akron town,Colorado,1702,1695,1698,1678,1654,1667,1660,1675,1689,1713,1689,1683,1679,1682
157,08,121,56365,00000,00000,1,A,Otis town,Colorado,475,472,473,468,460,464,465,472,478,487,484,483,484,484
157,08,121,99990,00000,00000,1,F,Balance of Washington County,Colorado,2637,2631,2637,2604,2575,2600,2595,2628,2657,2709,2688,2703,2704,2709
050,08,123,00000,00000,00000,0,A,Weld County,Colorado,252825,252836,254224,258867,264025,270105,277480,286493,296330,306571,315360,324703,331780,333983
157,08,123,03950,00000,00000,1,A,Ault town,Colorado,1519,1527,1534,1560,1585,1619,1670,1723,1821,1912,1973,1988,2092,2126
157,08,123,06255,00000,00000,1,A,Berthoud town (pt.),Colorado,63,63,63,64,65,70,75,80,85,94,108,125,135,138
157,08,123,08675,00000,00000,1,A,Brighton city (pt.),Colorado,343,769,773,784,797,810,829,867,933,983,1659,1641,1656,1660
157,08,123,19080,00000,00000,1,A,Dacono city,Colorado,4152,4156,4189,4312,4412,4512,4733,5097,5607,5988,6233,6394,6532,6572
157,08,123,22860,00000,00000,1,A,Eaton town,Colorado,4365,4375,4395,4461,4532,4913,5023,5138,5258,5469,5681,5852,5966,6000
157,08,123,24950,00000,00000,1,A,Erie town (pt.),Colorado,9787,9809,9947,10390,10853,11384,12027,12640,13650,14842,15657,16534,17312,17559
157,08,123,25280,00000,00000,1,A,Evans city,Colorado,18537,18505,18629,19024,19579,19985,19828,20522,20988,21305,22356,22807,23101,23183
157,08,123,26600,00000,00000,1,A,Firestone town,Colorado,10147,10199,10246,10397,10654,11055,11386,11650,11915,12097,12479,14039,14992,15298
157,08,123,27700,00000,00000,1,A,Fort Lupton city,Colorado,7377,7405,7439,7548,7678,7791,7972,8159,8369,8622,8621,8563,8646,8666
157,08,123,28360,00000,00000,1,A,Frederick town,Colorado,8679,8662,8702,8830,8974,9121,9328,9543,9762,9908,10178,10695,11317,11515
157,08,123,29185,00000,00000,1,A,Garden City town,Colorado,234,250,251,255,259,263,269,276,282,284,284,281,279,279
157,08,123,29955,00000,00000,1,A,Gilcrest town,Colorado,1034,1034,1039,1051,1072,1090,1115,1137,1164,1185,1190,1177,1171,1169
157,08,123,32155,00000,00000,1,A,Greeley city,Colorado,92889,92953,93362,94689,95988,97514,100056,102511,104637,107718,108253,107609,108609,108958
157,08,123,33310,00000,00000,1,A,Grover town,Colorado,137,139,140,142,144,147,150,153,160,163,164,163,162,161
157,08,123,37820,00000,00000,1,A,Hudson town,Colorado,2356,2361,2368,2390,2415,2443,2477,2515,2557,2661,2709,2763,2770,2768
157,08,123,39855,00000,00000,1,A,Johnstown town (pt.),Colorado,9350,9341,9384,9522,9675,9834,10056,10289,10525,10686,10797,11814,11947,11982
157,08,123,40185,00000,00000,1,A,Keenesburg town,Colorado,1127,1128,1133,1150,1169,1196,1223,1251,1280,1306,1311,1300,1302,1302
157,08,123,40515,00000,00000,1,A,Kersey town,Colorado,1454,1479,1486,1508,1541,1590,1633,1686,1731,1774,1789,1785,1796,1798
157,08,123,43605,00000,00000,1,A,La Salle town,Colorado,1955,1959,1968,1998,2028,2064,2112,2161,2273,2519,2514,2486,2472,2466
157,08,123,45530,00000,00000,1,A,Lochbuie town (pt.),Colorado,4724,4725,4747,4818,4897,4979,5122,5242,5670,6288,6659,7500,7792,7883
157,08,123,45970,00000,00000,1,A,Longmont city (pt.),Colorado,30,43,43,44,44,45,45,46,45,45,45,656,653,652
157,08,123,49600,00000,00000,1,A,Mead town,Colorado,3405,3450,3486,3584,3825,4045,4219,4682,4845,4956,5058,5018,5007,5003
157,08,123,50480,00000,00000,1,A,Milliken town,Colorado,5610,5614,5640,5733,5851,5993,6198,6437,6942,7323,7943,8408,8624,8688
157,08,123,54330,00000,00000,1,A,Northglenn city (pt.),Colorado,12,20,20,20,21,21,22,22,23,23,23,23,23,22
157,08,123,55045,00000,00000,1,A,Nunn town,Colorado,416,417,419,425,432,444,454,467,483,490,491,498,498,497
157,08,123,59005,00000,00000,1,A,Pierce town,Colorado,834,830,834,846,860,872,892,913,934,949,955,945,940,938
157,08,123,60160,00000,00000,1,A,Platteville town,Colorado,2485,2489,2501,2541,2588,2659,2791,2898,2989,3042,3051,3017,3006,3000
157,08,123,63045,00000,00000,1,A,Raymer (New Raymer) town,Colorado,96,98,99,100,102,105,108,112,115,118,118,119,120,120
157,08,123,69150,00000,00000,1,A,Severance town,Colorado,3165,3189,3204,3252,3319,3412,3587,3862,4195,4500,5277,6436,7342,7634
157,08,123,77290,00000,00000,1,A,Thornton city (pt.),Colorado,0,0,0,0,0,0,0,0,0,0,0,0,0,0
157,08,123,77510,00000,00000,1,A,Timnath town (pt.),Colorado,A,5,5,5,5,5,5,6,6,6,11,21,21,21
157,08,123,85485,00000,00000,1,A,Windsor town (pt.),Colorado,14070,14093,14236,14526,14756,14996,15332,15683,16041,16283,17795,19579,20941,21374
157,08,123,99990,00000,00000,1,F,Balance of Weld County,Colorado,42473,41749,41942,42898,43905,45128,46743,48725,51045,53032,53978,54467,54556,54551
050,08,125,00000,00000,00000,0,A,Yuma County,Colorado,10043,10049,10054,10138,10107,10139,10191,10044,10057,9976,9964,10020,10034,10047
157,08,125,23025,00000,00000,1,A,Eckley town,Colorado,257,256,256,258,259,260,261,257,260,257,259,261,260,260
157,08,125,86310,00000,00000,1,A,Wray city,Colorado,2342,2364,2365,2385,2381,2388,2404,2376,2378,2362,2355,2360,2352,2353
157,08,125,86750,00000,00000,1,A,Yuma city,Colorado,3524,3518,3520,3550,3538,3551,3573,3521,3527,3501,3492,3499,3496,3497
157,08,125,99990,00000,00000,1,F,Balance of Yuma County,Colorado,3920,3911,3913,3945,3929,3940,3953,3890,3892,3856,3858,3900,3926,3937
